event_id,report_uid,time_utc,time_local,type_code,type,magnitude,location,county,state,ugc,ugc_name,wfo,source,remark,lat,lon,in_model_domain,in_event_window,is_flood_impact,duplicate_of
2014-08-19,2014-08-19-001,2014-08-19 13:07,2014-08-19 06:07,R,HEAVY RAIN,0.25,2 SW GLENDALE SPORTS CO,MARICOPA,AZ,AZC013,Maricopa,PSR,TRAINED SPOTTER,0.25 OF RAIN ESTIMATED IN 15 MINUTES. STREET FLOODING.,33.51,-112.28,False,True,False,
2014-08-19,2014-08-19-002,2014-08-19 13:21,2014-08-19 06:21,R,HEAVY RAIN,0.32,2 NNE CASHION,MARICOPA,AZ,AZC013,Maricopa,PSR,TRAINED SPOTTER,HEAVY RAIN...0.32 INCH IN 20 MINUTES,33.47,-112.3,False,True,False,
2014-08-19,2014-08-19-003,2014-08-19 13:32,2014-08-19 06:32,R,HEAVY RAIN,0.3,3 WSW DESERT RIDGE MARK,MARICOPA,AZ,AZC013,Maricopa,PSR,TRAINED SPOTTER,0.30 INCH OF RAIN IN 20 MINUTES. CURRENTLY RAINING AT OVER 1 INCH PER HOUR.,33.66,-112.02,True,True,False,
2014-08-19,2014-08-19-004,2014-08-19 13:39,2014-08-19 06:39,F,FLASH FLOOD,,3 WNW SOUTH MOUNTAIN PA,MARICOPA,AZ,AZC013,Maricopa,PSR,FIRE DEPT/RESCUE,WATER RESCUE CONDUCTED BY PHOENIX FIRE DEPARTMENT,33.35,-112.14,False,True,False,
2014-08-19,2014-08-19-005,2014-08-19 13:47,2014-08-19 06:47,R,HEAVY RAIN,1.0,2 NNE SUN CITY WEST,MARICOPA,AZ,AZC013,Maricopa,PSR,TRAINED SPOTTER,VERY HEAVY RAIN. OVER 1 INCH IN AN HOUR ESTIMATED.,33.69,-112.36,False,True,False,
2014-08-19,2014-08-19-006,2014-08-19 13:49,2014-08-19 06:49,R,HEAVY RAIN,1.09,2 E PEORIA,MARICOPA,AZ,AZC013,Maricopa,PSR,TRAINED SPOTTER,HEAVY RAIN...1.09 INCH IN 40 MINUTES...NOW TAPERING OFF.,33.69,-112.2,False,True,False,
2014-08-19,2014-08-19-007,2014-08-19 13:53,2014-08-19 06:53,R,HEAVY RAIN,1.0,3 WSW DESERT RIDGE MARK,MARICOPA,AZ,AZC013,Maricopa,PSR,TRAINED SPOTTER,1.00 INCH OF RAIN SINCE 6...30 AM,33.65,-112.03,True,True,False,
2014-08-19,2014-08-19-008,2014-08-19 13:53,2014-08-19 06:53,R,HEAVY RAIN,1.0,3 WSW DESERT RIDGE MARK,MARICOPA,AZ,AZC013,Maricopa,PSR,TRAINED SPOTTER,1.00 INCH OF RAIN SINCE 630 AM,33.65,-112.03,True,True,False,2014-08-19-007
2014-08-19,2014-08-19-009,2014-08-19 13:58,2014-08-19 06:58,E,FLOOD,,1 ENE LAVEEN,MARICOPA,AZ,AZC013,Maricopa,PSR,TRAINED SPOTTER,1 8 - 1 4 INCH OF WATER ON I-17 AT DURAGO CURVE,33.43,-112.11,True,True,False,2014-08-19-010
2014-08-19,2014-08-19-010,2014-08-19 13:58,2014-08-19 06:58,E,FLOOD,,1 ENE LAVEEN,MARICOPA,AZ,AZC013,Maricopa,PSR,TRAINED SPOTTER,ONE EIGHTH TO ONE QUARTER INCH OF WATER ON I-17 AT DURAGO CURVE,33.43,-112.11,True,True,True,
2014-08-19,2014-08-19-011,2014-08-19 14:03,2014-08-19 07:03,R,HEAVY RAIN,1.75,3 ESE PEORIA,MARICOPA,AZ,AZC013,Maricopa,PSR,TRAINED SPOTTER,HEAVY RAIN...1.75 INCH IN 45 MINUTES.,33.67,-112.19,False,True,False,
2014-08-19,2014-08-19-012,2014-08-19 14:04,2014-08-19 07:04,E,FLOOD,,1 ENE NORTH MOUNTAIN PA,MARICOPA,AZ,AZC013,Maricopa,PSR,TRAINED SPOTTER,CURB-TO-CURB FLOODING ON I-17 AND DAISY.,33.59,-112.05,True,True,True,
2014-08-19,2014-08-19-013,2014-08-19 14:05,2014-08-19 07:05,F,FLASH FLOOD,,6 ENE PEORIA,MARICOPA,AZ,AZC013,Maricopa,PSR,FIRE DEPT/RESCUE,WATER RESCUE CONDUCTED BY PHOENIX FIRE DEPARTMENT,33.72,-112.14,False,True,False,
2014-08-19,2014-08-19-014,2014-08-19 14:12,2014-08-19 07:12,R,HEAVY RAIN,1.38,5 SW BEARDSLEY,MARICOPA,AZ,AZC013,Maricopa,PSR,TRAINED SPOTTER,1.38 INCHES OF RAIN IN 35 MINUTES. SIGNIFICANT PONDING ON ROADWAYS.,33.63,-112.45,False,True,False,
2014-08-19,2014-08-19-015,2014-08-19 14:14,2014-08-19 07:14,F,FLASH FLOOD,,NEW RIVER,MARICOPA,AZ,AZC013,Maricopa,PSR,FIRE DEPT/RESCUE,WATER RESCUE CONDUCTED BY PHOENIX FIRE DEPARTMENT,33.92,-112.13,False,True,False,
2014-08-19,2014-08-19-016,2014-08-19 14:17,2014-08-19 07:17,E,FLOOD,,3 N METRO CENTER,MARICOPA,AZ,AZC013,Maricopa,PSR,BROADCAST MEDIA,UNDERPASS FLOODED AT GREENWAY AND I-17,33.63,-112.12,True,True,True,
2014-08-19,2014-08-19-017,2014-08-19 14:22,2014-08-19 07:22,R,HEAVY RAIN,0.93,5 NNW DESERT RIDGE MARK,MARICOPA,AZ,AZC013,Maricopa,PSR,TRAINED SPOTTER,HEAVY RAIN...0.93 INCH ON 30 MINUTES. STREET FLOODING IN AREA.,33.74,-111.99,False,True,False,
2014-08-19,2014-08-19-018,2014-08-19 14:26,2014-08-19 07:26,F,FLASH FLOOD,,3 NNW NORTH MOUNTAIN PA,MARICOPA,AZ,AZC013,Maricopa,PSR,TRAINED SPOTTER,SPOTTER REPORTED VIA TEXT MESSAGE 3 FEET OF WATER IN CAVE CREEK WASH NEAR INTERSECTION OF 7TH AVE AND CORAL GABLES DR.,33.63,-112.08,True,True,True,
2014-08-19,2014-08-19-019,2014-08-19 14:29,2014-08-19 07:29,F,FLASH FLOOD,,5 ESE NEW RIVER,MARICOPA,AZ,AZC013,Maricopa,PSR,FIRE DEPT/RESCUE,WATER RESCUE CONDUCTED BY PHOENIX FIRE DEPARTMENT,33.89,-112.05,False,True,False,
2014-08-19,2014-08-19-020,2014-08-19 14:30,2014-08-19 07:30,R,HEAVY RAIN,1.32,3 WSW DESERT RIDGE MARK,MARICOPA,AZ,AZC013,Maricopa,PSR,TRAINED SPOTTER,MEASURED RAINFALL BETWEEN 0630 AND 0730 MST.,33.65,-112.03,True,True,False,
2014-08-19,2014-08-19-021,2014-08-19 14:31,2014-08-19 07:31,E,FLOOD,,5 WSW DESERT RIDGE MARK,MARICOPA,AZ,AZC013,Maricopa,PSR,TRAINED SPOTTER,LOW WATER CROSSINGS FLOODED.,33.65,-112.05,True,True,True,
2014-08-19,2014-08-19-022,2014-08-19 14:31,2014-08-19 07:31,F,FLASH FLOOD,,2 SSE CAVE CREEK,MARICOPA,AZ,AZC013,Maricopa,PSR,FIRE DEPT/RESCUE,WATER RESCUE CONDUCTED BY PHOENIX FIRE DEPARTMENT,33.8,-111.95,False,True,False,
2014-08-19,2014-08-19-023,2014-08-19 14:34,2014-08-19 07:34,R,HEAVY RAIN,0.75,3 NNE NORTH MOUNTAIN PA,MARICOPA,AZ,AZC013,Maricopa,PSR,TRAINED SPOTTER,AT LEAST 0.75 INCH OF RAIN IN 30 MINUTES.,33.62,-112.06,True,True,False,
2014-08-19,2014-08-19-024,2014-08-19 14:39,2014-08-19 07:39,F,FLASH FLOOD,,5 W CAVE CREEK,MARICOPA,AZ,AZC013,Maricopa,PSR,FIRE DEPT/RESCUE,WATER RESCUE CONDUCTED BY PHOENIX FIRE DEPARTMENT,33.81,-112.06,False,True,False,
2014-08-19,2014-08-19-025,2014-08-19 14:52,2014-08-19 07:52,E,FLOOD,,3 NW SOUTH MOUNTAIN PAR,MARICOPA,AZ,AZC013,Maricopa,PSR,BROADCAST MEDIA,BRAODCAST MEDIA REPORTS STREET FLOODING AT INTERSECTION OF 27TH AVE AND DOBBINS.,33.36,-112.12,False,True,False,
2014-08-19,2014-08-19-026,2014-08-19 15:13,2014-08-19 08:13,F,FLASH FLOOD,,4 NNW DESERT RIDGE MARK,MARICOPA,AZ,AZC013,Maricopa,PSR,FIRE DEPT/RESCUE,WATER RESCUE CONDUCTED BY PHOENIX FIRE DEPARTMENT,33.73,-112.01,False,True,False,
2014-08-19,2014-08-19-027,2014-08-19 17:00,2014-08-19 10:00,F,FLASH FLOOD,,4 N NEW RIVER,MARICOPA,AZ,AZC013,Maricopa,PSR,TRAINED SPOTTER,INTERSTATE 17 TOTALLY INUNDATED ENTIRE WIDTH. CARS STRANDED. RESCUES UNDERWAY.,33.98,-112.13,False,True,False,
2014-08-19,2014-08-19-028,2014-08-19 17:00,2014-08-19 10:00,F,FLASH FLOOD,,8 N NEW RIVER,MARICOPA,AZ,AZC013,Maricopa,PSR,TRAINED SPOTTER,ROCKSLIDE ON I-17,34.03,-112.14,False,True,False,
2014-08-19,2014-08-19-029,2014-08-19 18:19,2014-08-19 11:19,F,FLASH FLOOD,,2 SSE WITTMANN,MARICOPA,AZ,AZC013,Maricopa,PSR,FIRE DEPT/RESCUE,PHOENIX FIRE DEPARTMENT DISPATCHED TO ASSIST WITH ONGOING WATER RESCUE.,33.75,-112.52,False,True,False,
2014-08-19,2014-08-19-030,2014-08-19 18:31,2014-08-19 11:31,F,FLASH FLOOD,,4 N BEARDSLEY,MARICOPA,AZ,AZC013,Maricopa,PSR,FIRE DEPT/RESCUE,WATER RESCUE CONDUCTED BY PHOENIX FIRE DEPARTMENT,33.74,-112.39,False,True,False,
2014-08-19,2014-08-19-031,2014-08-19 18:50,2014-08-19 11:50,F,FLASH FLOOD,,2 NNW NEW RIVER,MARICOPA,AZ,AZC013,Maricopa,PSR,FIRE DEPT/RESCUE,WATER RESCUE CONDUCTED BY PHOENIX FIRE DEPARTMENT,33.94,-112.14,False,True,False,
2014-08-19,2014-08-19-032,2014-08-19 19:13,2014-08-19 12:13,F,FLASH FLOOD,,2 NW ANTHEM,MARICOPA,AZ,AZC013,Maricopa,PSR,FIRE DEPT/RESCUE,WATER RESCUE CONDUCTED BY PHOENIX FIRE DEPARTMENT,33.87,-112.16,False,True,False,
2014-08-19,2014-08-19-033,2014-08-19 19:18,2014-08-19 12:18,F,FLASH FLOOD,,4 S DESERT RIDGE MARKET,MARICOPA,AZ,AZC013,Maricopa,PSR,TRAINED SPOTTER,51 AND BELL ROAD REPORTS 1 INCH RAINFALL IN 14 MINUTES.,33.62,-111.98,True,True,True,
2014-08-19,2014-08-19-034,2014-08-19 20:30,2014-08-19 13:30,R,HEAVY RAIN,1.99,5 N DESERT RIDGE MARKET,MARICOPA,AZ,AZC013,Maricopa,PSR,TRAINED SPOTTER,MEASURED FROM 600AM TO 130PM,33.75,-111.98,False,True,False,
2014-08-19,2014-08-19-035,2014-08-20 01:38,2014-08-19 18:38,G,TSTM WND GST,48.0,5 W LUKE AFB,MARICOPA,AZ,AZC013,Maricopa,PSR,TRAINED SPOTTER,VSBY. 1 MI. TOWARDS THE WEST DUE TO A WALL OF RAIN APPROACHING FROM THE WEST.,33.54,-112.45,False,True,False,
2014-08-19,2014-08-19-036,2014-08-21 02:20,2014-08-20 19:20,E,FLOOD,,1 SSW BOUSE,LA PAZ,AZ,AZC012,La Paz,PSR,TRAINED SPOTTER,BOUSE WASH RUNNING 3 TO 4 FT. DEEP... JOSHUA DR. AND HWY. 72 AND HWY 72 AT MILE MARKERS 27 AND 28 AND PLOMOSA WASH ARE RUNNING AND MOSTLY IMPASSABLE.,33.91,-114.01,False,False,False,
2014-08-19,2014-08-19-037,2014-08-21 20:38,2014-08-21 13:38,R,HEAVY RAIN,1.15,1 WSW IMPERIAL,IMPERIAL,CA,CAC025,Imperial,PSR,ASOS,1.15 INCHES RAINFALL MEASURED AT IMPERIAL COUNTY AIRPORT KIPL IN 35 MINUTES. LIGHT TO MODERATE RAINFALL CONTINUES AT TIME OF LSR ISSUANCE.,32.83,-115.58,False,False,False,
2014-08-19,2014-08-19-038,2014-08-21 20:45,2014-08-21 13:45,H,HAIL,0.75,EL CENTRO,IMPERIAL,CA,CAC025,Imperial,PSR,LAW ENFORCEMENT,DIME SIZE HAIL REPORTED BY CHP,32.79,-115.56,False,False,False,
2014-08-19,2014-08-19-039,2014-08-21 21:00,2014-08-21 14:00,2,DUST STORM,,EL CENTRO,IMPERIAL,CA,CAC025,Imperial,PSR,LAW ENFORCEMENT,VISIBILITY 0 FEET REPORTED BY CHP,32.79,-115.56,False,False,False,
2014-08-19,2014-08-19-040,2014-08-21 21:00,2014-08-21 14:00,D,TSTM WND DMG,,3 ESE IMPERIAL,IMPERIAL,CA,CAC025,Imperial,PSR,TRAINED SPOTTER,MULTIPLE TELEPHONE POLES DOWN ALONG HWY 111 NEAR WORTHINGTON ROAD. SEMI TRAILER ALSO OVERTURNED ON THE ROAD...EMERGENCY CREWS ON SCENE.,32.83,-115.5,False,False,False,
2014-08-19,2014-08-19-041,2014-08-21 21:27,2014-08-21 14:27,E,FLOOD,,2 NE IMPERIAL,IMPERIAL,CA,CAC025,Imperial,PSR,DEPT OF HIGHWAYS,ROADWAY FLOODING AT THE INTERSECTION OF RALPH ROAD AND DOGWOOD ROAD NORTH-NORTHEAST OF IMPERIAL.,32.87,-115.54,False,False,False,
2014-08-19,2014-08-19-042,2014-08-21 22:11,2014-08-21 15:11,H,HAIL,1.0,6 N KINTER,YUMA,AZ,AZC027,Yuma,PSR,OTHER FEDERAL,METEOROLOGIST WITH YUMA PROVING GROUND REPORTED 1 INCH HAIL.,32.85,-114.4,False,False,False,
2014-08-19,2014-08-19-043,2014-08-21 22:35,2014-08-21 15:35,D,TSTM WND DMG,,PALO VERDE,IMPERIAL,CA,CAC025,Imperial,PSR,TRAINED SPOTTER,REPORTS OF TREES SNAPPED AND DOWNED AT RESIDENCE WITH ESTIMATED 60 TO 65 MPH WINDS. ALSO REPORTED THICK BLOWING DUST BEFORE HEAVY RAINFALL AND STORM WINDS BEGAN. POWER OUT AT LOCATION.,33.43,-114.73,False,False,False,
2014-08-19,2014-08-19-044,2014-08-21 23:15,2014-08-21 16:15,E,FLOOD,,12 NE YUMA PROVING GROU,YUMA,AZ,AZC027,Yuma,PSR,TRAINED SPOTTER,ROADWAY FLOODING ALONG US 95 SOUTH OF QUARTZSITE. SPOTTER REPORTS ROADWAY IMPASSABLE ESTIMATED 30 TO 32 S OF QUARTZSITE. ADOT ALSO REPORTS WATER ALONG THE ROADWAY BETWEEN SEVERAL MILE POSTS...ROAD CL,33.22,-114.26,False,False,False,
2014-08-19,2014-08-19-045,2014-08-21 23:45,2014-08-21 16:45,D,TSTM WND DMG,,YUMA,YUMA,AZ,AZC027,Yuma,PSR,FIRE DEPT/RESCUE,YUMA FIRE REPORTS DOWNED POWER LINES ON ARIZONA AVE AT 26TH STREET.,32.68,-114.62,False,False,False,
2014-08-19,2014-08-19-046,2014-08-22 00:00,2014-08-21 17:00,D,TSTM WND DMG,,YUMA,YUMA,AZ,AZC027,Yuma,PSR,AMATEUR RADIO,MULTIPLE REPORTS OF DOWNED POWER LINES ALONG WITH SEVERAL INTERSECTIONS WITH STREET LIGHTS OUT ACROSS THE CITY OF YUMA.,32.68,-114.62,False,False,False,
2015-08-31,2015-08-31-001,2015-08-26 21:25,2015-08-26 14:25,F,FLASH FLOOD,,JOSHUA TREE,SAN BERNARDINO,CA,CAC071,San Bernardino,PSR,LAW ENFORCEMENT,REPORTED IN QUEEN VALLEY EAST OF RYAN MOUNTAIN IN THE NORTH CENTRAL PART OF THE PARK,34.13,-116.32,False,False,False,
2015-08-31,2015-08-31-002,2015-08-26 22:00,2015-08-26 15:00,F,FLASH FLOOD,,6 SSE TWENTYNINE PALMS,SAN BERNARDINO,CA,CAC071,San Bernardino,PSR,LAW ENFORCEMENT,FLASH FLOOD DEBRIS FLOW 1 MILE INTO PARK FROM NORTH ENTRANCE. ROAD CLOSED DUE TO DEBRIS.,34.07,-116.03,False,False,False,
2015-08-31,2015-08-31-003,2015-08-27 21:30,2015-08-27 14:30,G,TSTM WND GST,58.0,ROOSEVELT DAM,MARICOPA,AZ,AZC013,Maricopa,PSR,MESONET,,33.67,-111.16,False,False,False,
2015-08-31,2015-08-31-004,2015-08-27 21:45,2015-08-27 14:45,D,TSTM WND DMG,,3 SSW SOUTH MOUNTAIN PA,MARICOPA,AZ,AZC013,Maricopa,PSR,NWS EMPLOYEE,2 FT DIAMETER TREE RIPPED UP... NUMEROUIS BRANCHES TORN OFF TREES. VERY STRONG WINDS WITH MEASURED 0.35 INCHES OF RAIN IN 30 MIN.,33.29,-112.09,False,False,False,
2015-08-31,2015-08-31-005,2015-08-27 22:15,2015-08-27 15:15,G,TSTM WND GST,48.0,1 SE SURPRISE,MARICOPA,AZ,AZC013,Maricopa,PSR,TRAINED SPOTTER,ALSO VSBY 5 MILES IN BLOWING DUST,33.64,-112.32,False,False,False,
2015-08-31,2015-08-31-006,2015-08-27 22:23,2015-08-27 15:23,D,TSTM WND DMG,,4 WNW PEORIA,MARICOPA,AZ,AZC013,Maricopa,PSR,PUBLIC,150 LB GRILL TOSSED 20 FEET. 18 IN. DIAMTER 30 FT TALL TREE FELL ON ROOF OF HOUSE. 1 2 IN. HAIL,33.71,-112.31,False,False,False,2015-08-31-007
2015-08-31,2015-08-31-007,2015-08-27 22:23,2015-08-27 15:23,D,TSTM WND DMG,,4 WNW PEORIA,MARICOPA,AZ,AZC013,Maricopa,PSR,PUBLIC,150 LB GRILL TOSSED 20 FEET. 18 IN. DIAMTER 30 FT TALL TREE FELL ON ROOF OF HOUSE. HALF IN. HAIL,33.71,-112.31,False,False,False,
2015-08-31,2015-08-31-008,2015-08-27 22:45,2015-08-27 15:45,D,TSTM WND DMG,,2 SW PEORIA,MARICOPA,AZ,AZC013,Maricopa,PSR,EMERGENCY MNGR,20 TREES BLOWN DOWN BY STRONG WINDS,33.67,-112.28,False,False,False,
2015-08-31,2015-08-31-009,2015-08-27 22:47,2015-08-27 15:47,R,HEAVY RAIN,0.5,2 NNE SURPRISE,MARICOPA,AZ,AZC013,Maricopa,PSR,TRAINED SPOTTER,.50 INCHES OF RAIN IN 12 MINUTES. PEA SIZED HAIL AND 48 MPH WIND GUST,33.68,-112.33,False,False,False,
2015-08-31,2015-08-31-010,2015-08-27 23:00,2015-08-27 16:00,D,TSTM WND DMG,,2 WNW GLENDALE SPORTS C,MARICOPA,AZ,AZC013,Maricopa,PSR,EMERGENCY MNGR,POWER POLES DOWN ON GLENDALE AVE FROM GLEN HARBOR BLVD TO EL MIRAGE,33.54,-112.29,False,False,False,
2015-08-31,2015-08-31-011,2015-08-27 23:00,2015-08-27 16:00,D,TSTM WND DMG,,1 ESE METRO CENTER,MARICOPA,AZ,AZC013,Maricopa,PSR,BROADCAST MEDIA,LOTS OF STRUCTURAL DAMAGE TO MOBILE HOME PARK. TIME ESTIMATED BASED ON RADAR,33.57,-112.1,True,False,False,
2015-08-31,2015-08-31-012,2015-08-27 23:09,2015-08-27 16:09,G,TSTM WND GST,61.0,1 WSW LUKE AFB,MARICOPA,AZ,AZC013,Maricopa,PSR,ASOS,LUKE AFB ASOS MEASURED 61 MPH WIND GUST,33.53,-112.38,False,False,False,
2015-08-31,2015-08-31-013,2015-08-27 23:10,2015-08-27 16:10,G,TSTM WND GST,45.0,5 W LUKE AFB,MARICOPA,AZ,AZC013,Maricopa,PSR,TRAINED SPOTTER,ALSO 1 2 INCH HAIL,33.54,-112.45,False,False,False,2015-08-31-014
2015-08-31,2015-08-31-014,2015-08-27 23:10,2015-08-27 16:10,G,TSTM WND GST,45.0,5 W LUKE AFB,MARICOPA,AZ,AZC013,Maricopa,PSR,TRAINED SPOTTER,ALSO HALF INCH HAIL,33.54,-112.45,False,False,False,
2015-08-31,2015-08-31-015,2015-08-27 23:11,2015-08-27 16:11,R,HEAVY RAIN,1.0,1 NE SUPERIOR,PINAL,AZ,AZC021,Pinal,PSR,TRAINED SPOTTER,MEASURED RAINFALL OVER 40 MIN. WATER RUNNING DOWN STREET LOCALLY.,33.3,-111.1,False,False,False,
2015-08-31,2015-08-31-016,2015-08-27 23:30,2015-08-27 16:30,D,TSTM WND DMG,,4 WNW LUKE AFB,MARICOPA,AZ,AZC013,Maricopa,PSR,TRAINED SPOTTER,POWER LINES AND POWER POLES DOWN. FD ON SCENE.,33.55,-112.44,False,False,False,
2015-08-31,2015-08-31-017,2015-08-27 23:35,2015-08-27 16:35,D,TSTM WND DMG,,1 ESE ARIZONA MILLS MAL,MARICOPA,AZ,AZC013,Maricopa,PSR,BROADCAST MEDIA,LARGE TREE UPROOTED WITH MINOR STRUCTURAL DAMAGE,33.38,-111.95,True,False,False,
2015-08-31,2015-08-31-018,2015-08-27 23:54,2015-08-27 16:54,D,TSTM WND DMG,,2 WSW PAPAGO PARK,MARICOPA,AZ,AZC013,Maricopa,PSR,BROADCAST MEDIA,VERY LARGE TREES UPROOTED AND BLOWN DOWN.,33.45,-111.98,True,False,False,
2015-08-31,2015-08-31-019,2015-08-27 23:55,2015-08-27 16:55,R,HEAVY RAIN,0.5,3 SW FIESTA MALL,MARICOPA,AZ,AZC013,Maricopa,PSR,TRAINED SPOTTER,HALF INCH IN 15 MINUTES,33.36,-111.89,False,False,False,
2015-08-31,2015-08-31-020,2015-08-28 00:00,2015-08-27 17:00,H,HAIL,0.5,2 SSW PAPAGO PARK,MARICOPA,AZ,AZC013,Maricopa,PSR,AMATEUR RADIO,,33.43,-111.97,True,False,False,
2015-08-31,2015-08-31-021,2015-08-28 00:00,2015-08-27 17:00,D,TSTM WND DMG,,1 WSW PAPAGO PARK,MARICOPA,AZ,AZC013,Maricopa,PSR,BROADCAST MEDIA,METAL CAR PORTS RIPPED OFF THE PARKING LOT AT PAPAGO PARK RIVERWALK CONDOMINIUMS,33.45,-111.97,True,False,False,
2015-08-31,2015-08-31-022,2015-08-28 00:04,2015-08-27 17:04,H,HAIL,0.25,1 SW PAPAGO PARK,MARICOPA,AZ,AZC013,Maricopa,PSR,BROADCAST MEDIA,,33.45,-111.96,True,False,False,
2015-08-31,2015-08-31-023,2015-08-28 00:05,2015-08-27 17:05,D,TSTM WND DMG,,1 SE TEMPE,MARICOPA,AZ,AZC013,Maricopa,PSR,BROADCAST MEDIA,TREES BLOWN DOWN,33.38,-111.92,False,False,False,
2015-08-31,2015-08-31-024,2015-08-28 00:05,2015-08-27 17:05,H,HAIL,0.5,1 S PAPAGO PARK,MARICOPA,AZ,AZC013,Maricopa,PSR,NWS EMPLOYEE,,33.44,-111.95,True,False,False,
2015-08-31,2015-08-31-025,2015-08-28 00:09,2015-08-27 17:09,R,HEAVY RAIN,1.0,1 NW ARIZONA STATE UNIV,MARICOPA,AZ,AZC013,Maricopa,PSR,AMATEUR RADIO,1 INCH IN 30 MINUTES,33.43,-111.95,True,False,False,
2015-08-31,2015-08-31-026,2015-08-30 01:00,2015-08-29 18:00,D,TSTM WND DMG,,5 N VALLEY FARMS,PINAL,AZ,AZC021,Pinal,PSR,PUBLIC,ROOF BOARDS AND TILES BLOWN OFF MULTIPLE HOUSES...DOZENS OF TREES SNAPPED AND UPROOTED AND BOARD DEBRIS IN THE YARD IN FLORENCE.,33.06,-111.46,False,False,False,
2015-08-31,2015-08-31-027,2015-08-30 01:40,2015-08-29 18:40,R,HEAVY RAIN,1.4,2 NW SEVILLE,MARICOPA,AZ,AZC013,Maricopa,PSR,TRAINED SPOTTER,ESTIMATED TO HAVE FALLEN IN 37 MINUTES AND THUNDERSTORM WIND GUST MEASURED AT 45 MPH.,33.25,-111.73,False,False,False,
2015-08-31,2015-08-31-028,2015-08-30 01:40,2015-08-29 18:40,R,HEAVY RAIN,1.0,2 NW SEVILLE,MARICOPA,AZ,AZC013,Maricopa,PSR,TRAINED SPOTTER,ESTIMATED TO HAVE FALLEN IN 40 MINUTES AND THUNDERSTORM WIND GUST MEASURED AT 45 MPH.,33.25,-111.73,False,False,False,2015-08-31-027
2015-08-31,2015-08-31-029,2015-08-30 01:45,2015-08-29 18:45,G,TSTM WND GST,50.0,2 E AHWATUKEE,MARICOPA,AZ,AZC013,Maricopa,PSR,TRAINED SPOTTER,AND 0.25 IN. HAIL,33.32,-111.97,False,False,False,
2015-08-31,2015-08-31-030,2015-08-30 01:45,2015-08-29 18:45,D,TSTM WND DMG,,2 E AHWATUKEE,MARICOPA,AZ,AZC013,Maricopa,PSR,PUBLIC,21 IN. DIAMETER TREE UPROOTED.,33.32,-111.96,False,False,False,
2015-08-31,2015-08-31-031,2015-08-30 01:58,2015-08-29 18:58,H,HAIL,0.5,2 ESE TEMPE,MARICOPA,AZ,AZC013,Maricopa,PSR,NWS EMPLOYEE,AND ESTIMATED WIND GUST TO 40 MPH,33.38,-111.9,False,False,False,
2015-08-31,2015-08-31-032,2015-08-30 02:49,2015-08-29 19:49,D,TSTM WND DMG,,SAN TAN VILLAGE MALL,MARICOPA,AZ,AZC013,Maricopa,PSR,TRAINED SPOTTER,2 TREES UPROOTED AND SNAPPED AND 0.25 IN. HAIL AND HEAVY RAINFALL,33.31,-111.74,False,False,False,
2015-08-31,2015-08-31-033,2015-08-30 03:00,2015-08-29 20:00,D,TSTM WND DMG,,2 WSW MESA,MARICOPA,AZ,AZC013,Maricopa,PSR,TRAINED SPOTTER,5 TO 6 POWER LINES BLOWN DOWN... 0.5 IN. HAIL AND TILES IN THE ROAD,33.41,-111.77,False,False,False,
2015-08-31,2015-08-31-034,2015-08-30 03:17,2015-08-29 20:17,E,FLOOD,,2 W MESA,MARICOPA,AZ,AZC013,Maricopa,PSR,NWS EMPLOYEE,NWS EMPLOYEE REPORTED FLOODING ON THE ROADWAY ON BROADWAY BETWEEN LINDSAY AND GILBERT. ALSO AT THIS LOCATION... THERE WAS PEA SIZE HAIL REPORTED AND WINDS WERE APPROXIMATELY 50 TO 60 KTS.,33.42,-111.78,False,False,False,
2015-08-31,2015-08-31-035,2015-08-30 03:35,2015-08-29 20:35,G,TSTM WND GST,51.0,2 SE CHANDLER FASHION C,MARICOPA,AZ,AZC013,Maricopa,PSR,MESONET,,33.28,-111.87,False,False,False,
2015-08-31,2015-08-31-036,2015-08-30 03:45,2015-08-29 20:45,G,TSTM WND GST,50.0,4 SE TUMBLEWEED PARK,MARICOPA,AZ,AZC013,Maricopa,PSR,TRAINED SPOTTER,NEAR GILBERT RD. AND E. OCOTILLO RD.,33.24,-111.78,False,False,False,
2015-08-31,2015-08-31-037,2015-08-30 04:19,2015-08-29 21:19,E,FLOOD,,1 WNW FIESTA MALL,MARICOPA,AZ,AZC013,Maricopa,PSR,PUBLIC,MAJOR PONDING OF ROADWAY ON SOUTHERN AND DOBSON IN MARICOPA COUNTY.,33.39,-111.87,False,False,False,
2015-08-31,2015-08-31-038,2015-08-30 04:19,2015-08-29 21:19,E,FLOOD,,1 WNW FIESTA MALL,MARICOPA,AZ,AZC013,Maricopa,PSR,PUBLIC,MAJOR PONDING OF WATER ON SOUTHERN AND DOBSON IN MARICOPA COUNTY.,33.39,-111.87,False,False,False,2015-08-31-037
2015-08-31,2015-08-31-039,2015-08-30 04:45,2015-08-29 21:45,R,HEAVY RAIN,1.12,2 E TEMPE,MARICOPA,AZ,AZC013,Maricopa,PSR,NWS EMPLOYEE,,33.39,-111.9,False,False,False,
2015-08-31,2015-08-31-040,2015-08-31 01:00,2015-08-30 18:00,G,TSTM WND GST,50.0,4 NNE KOMATKE,MARICOPA,AZ,AZC013,Maricopa,PSR,TRAINED SPOTTER,ESTIMATED AT 40 TO 50 MPH AND FLEETING DENSE DUST.,33.36,-112.15,False,False,False,
2015-08-31,2015-08-31-041,2015-08-31 01:27,2015-08-30 18:27,G,TSTM WND GST,50.0,2 NNE KOMATKE,MARICOPA,AZ,AZC013,Maricopa,PSR,TRAINED SPOTTER,,33.33,-112.16,False,False,False,
2015-08-31,2015-08-31-042,2015-08-31 01:30,2015-08-30 18:30,G,TSTM WND GST,65.0,3 WNW SOUTH MOUNTAIN PA,MARICOPA,AZ,AZC013,Maricopa,PSR,TRAINED SPOTTER,300 POUND GRILL BLOWN OVER AND MEASURED 1.75 IN. OF RAIN.,33.34,-112.12,False,False,False,
2015-08-31,2015-08-31-043,2015-08-31 01:30,2015-08-30 18:30,D,TSTM WND DMG,,3 WNW SOUTH MOUNTAIN PA,MARICOPA,AZ,AZC013,Maricopa,PSR,TRAINED SPOTTER,PHARMACY WALL BLOWN DOWN... 2 HORSE STABLES DESTROYED... TELEPHONE POLE SNAPPED IN LAVEEN NEAR 27TH DR. AND CHEYENNE.,33.35,-112.12,False,False,False,
2015-08-31,2015-08-31-044,2015-08-31 01:46,2015-08-30 18:46,D,TSTM WND DMG,,GILA BEND,MARICOPA,AZ,AZC013,Maricopa,PSR,TRAINED SPOTTER,POWER LINES SNAPPED AND POWER OUTAGE.,32.95,-112.69,False,False,False,
2015-08-31,2015-08-31-045,2015-08-31 02:45,2015-08-30 19:45,E,FLOOD,,LAVEEN,MARICOPA,AZ,AZC013,Maricopa,PSR,TRAINED SPOTTER,DOBBINS BETWWEN 43RD AVE AND 23RD AVE WITH 2 TO 4 IN. DEEP WATER... SOME FLOWING AND SOME PONDING.,33.42,-112.13,True,False,False,
2015-08-31,2015-08-31-046,2015-08-31 02:47,2015-08-30 19:47,G,TSTM WND GST,59.0,4 ESE CHANDLER,MARICOPA,AZ,AZC013,Maricopa,PSR,AWOS,,33.27,-111.81,False,False,False,
2015-08-31,2015-08-31-047,2015-08-31 03:01,2015-08-30 20:01,D,TSTM WND DMG,,1 SW TUMBLEWEED PARK,MARICOPA,AZ,AZC013,Maricopa,PSR,PUBLIC,6 IN. DIAMETER TREE SNAPPED.,33.26,-111.84,False,False,False,
2015-08-31,2015-08-31-048,2015-08-31 23:10,2015-08-31 16:10,H,HAIL,0.25,3 ENE CLAYPOOL,GILA,AZ,AZC007,Gila,PSR,TRAINED SPOTTER,PEA SIZED HAIL,33.45,-110.77,False,False,False,
2015-08-31,2015-08-31-049,2015-09-01 02:35,2015-08-31 19:35,D,TSTM WND DMG,,1 NE DOWNTOWN PHOENIX,MARICOPA,AZ,AZC013,Maricopa,PSR,BROADCAST MEDIA,TREES DOWN ACROSS 7TH ST AT ROOSEVELT,33.46,-112.06,True,True,False,
2015-08-31,2015-08-31-050,2015-09-01 02:35,2015-08-31 19:35,D,TSTM WND DMG,,1 WNW ARIZONA STATE FAI,MARICOPA,AZ,AZC013,Maricopa,PSR,BROADCAST MEDIA,BILLBOARD BLOWN DOWN AT GRAND AVE AND ENCANTO,33.47,-112.11,True,True,False,
2015-08-31,2015-08-31-051,2015-09-01 02:42,2015-08-31 19:42,G,TSTM WND GST,61.0,6 NNW GUADALUPE,MARICOPA,AZ,AZC013,Maricopa,PSR,ASOS,SKY HARBOR AIRPORT,33.43,-112.01,True,True,False,
2015-08-31,2015-08-31-052,2015-09-01 02:42,2015-08-31 19:42,G,TSTM WND GST,61.0,6 NNW GUADALUPE,MARICOPA,AZ,AZC013,Maricopa,PSR,ASOS,,33.43,-112.01,True,True,False,2015-08-31-051
2015-08-31,2015-08-31-053,2015-09-01 02:50,2015-08-31 19:50,D,TSTM WND DMG,,1 N ARIZONA STATE UNIVE,MARICOPA,AZ,AZC013,Maricopa,PSR,PUBLIC,DOWNED STREETLIGHT POLE ON COLLEGE AVE JUST N OF CURRY,33.44,-111.93,False,True,False,
2015-08-31,2015-08-31-054,2015-09-01 02:50,2015-08-31 19:50,D,TSTM WND DMG,,PAPAGO PARK,MARICOPA,AZ,AZC013,Maricopa,PSR,BROADCAST MEDIA,NUMEROUS LARGE TREES DOWN AT PHOENIX ZOO...ZOO CLOSED FOR THREE DAYS.,33.45,-111.95,True,True,False,
2015-08-31,2015-08-31-055,2015-09-01 02:53,2015-08-31 19:53,D,TSTM WND DMG,,2 WNW TEMPE MARKETPLACE,MARICOPA,AZ,AZC013,Maricopa,PSR,PUBLIC,NUMEROUS LARGE TREES DOWN NEAR 68TH AND MCKELLIPS,33.44,-111.93,False,True,False,
2015-08-31,2015-08-31-056,2015-09-01 02:55,2015-08-31 19:55,D,TSTM WND DMG,,2 WNW TEMPE MARKETPLACE,MARICOPA,AZ,AZC013,Maricopa,PSR,TRAINED SPOTTER,NUMEROUS LARGE TREES DOWN ALONG SCOTTSDALE RD SOUTH OF MCKELLIPS,33.44,-111.93,False,True,False,
2015-08-31,2015-08-31-057,2015-09-01 02:55,2015-08-31 19:55,G,TSTM WND GST,63.0,1 W PAPAGO PARK,MARICOPA,AZ,AZC013,Maricopa,PSR,MESONET,,33.46,-111.97,True,True,False,
2015-08-31,2015-08-31-058,2015-09-01 02:55,2015-08-31 19:55,D,TSTM WND DMG,,2 N PAPAGO PARK,MARICOPA,AZ,AZC013,Maricopa,PSR,TRAINED SPOTTER,SEVERAL LARGE TREES WITH TRUNK DIAMETERS RANGING FROM ONE FOOT TO THREE FEET UPROOTED. OTHER TREES WITH LARGE BRANCHES SNAPPED. SOME ROOF AND BRICK WALL DAMAGE TO APARTMENT COMPLEX. LOCATION NEAR 60T,33.48,-111.95,True,True,False,
2015-08-31,2015-08-31-059,2015-09-01 02:55,2015-08-31 19:55,D,TSTM WND DMG,,2 N PAPAGO PARK,MARICOPA,AZ,AZC013,Maricopa,PSR,TRAINED SPOTTER,SEVERAL LARGE TREES WITH TRUNK DIAMETERS RANGING FROM ONE FOOT TO THREE FEET UPROOTED. OTHER TREES WITH LARGE BRANCHES SNAPPED. SOME ROOF AND BRICK WALL DAMAGE TO APARTMENT COMPLEX. PENNY SIZED HAIL.,33.48,-111.95,True,True,False,2015-08-31-058
2015-08-31,2015-08-31-060,2015-09-01 02:55,2015-08-31 19:55,D,TSTM WND DMG,,2 NE DOWNTOWN SCOTTSDAL,MARICOPA,AZ,AZC013,Maricopa,PSR,BROADCAST MEDIA,POWER LINES DOWN AT CHAPARRAL AND 86TH ST.,33.51,-111.89,False,True,False,
2015-08-31,2015-08-31-061,2015-09-01 02:57,2015-08-31 19:57,D,TSTM WND DMG,,2 N PAPAGO PARK,MARICOPA,AZ,AZC013,Maricopa,PSR,TRAINED SPOTTER,ESTIMATED 55 MPH WIND TREE UPROOTED,33.48,-111.95,True,True,False,
2015-08-31,2015-08-31-062,2015-09-01 02:58,2015-08-31 19:58,G,TSTM WND GST,65.0,1 NW ARIZONA STATE UNIV,MARICOPA,AZ,AZC013,Maricopa,PSR,TRAINED SPOTTER,TRAINED SPOTTER REPORTS SUSTAINED 65 MPH WIND AT ROOSEVELT AND IST ST IN TEMPE,33.43,-111.95,True,True,False,
2015-08-31,2015-08-31-063,2015-09-01 03:00,2015-08-31 20:00,G,TSTM WND GST,50.0,2 N PAPAGO PARK,MARICOPA,AZ,AZC013,Maricopa,PSR,TRAINED SPOTTER,,33.48,-111.95,True,True,False,
2015-08-31,2015-08-31-064,2015-09-01 03:02,2015-08-31 20:02,D,TSTM WND DMG,,2 W ARIZONA STATE UNIVE,MARICOPA,AZ,AZC013,Maricopa,PSR,PUBLIC,TREES DOWN ALONG UNIVERSITY BETWEEN LOOP 202 AND PRIEST,33.42,-111.97,True,True,False,
2015-08-31,2015-08-31-065,2015-09-01 03:04,2015-08-31 20:04,E,FLOOD,,1 NE DOWNTOWN PHOENIX,MARICOPA,AZ,AZC013,Maricopa,PSR,PUBLIC,4 INCHES OF WATER ON I-10 AT 7TH ST.,33.46,-112.06,True,True,True,
2015-08-31,2015-08-31-066,2015-09-01 03:05,2015-08-31 20:05,H,HAIL,0.25,1 NW ARIZONA STATE UNIV,MARICOPA,AZ,AZC013,Maricopa,PSR,TRAINED SPOTTER,PEA SIZED HAIL MILL AVE AND 5TH ST.,33.42,-111.94,True,True,False,
2015-08-31,2015-08-31-067,2015-09-01 03:06,2015-08-31 20:06,H,HAIL,0.25,ARIZONA STATE UNIVERSIT,MARICOPA,AZ,AZC013,Maricopa,PSR,TRAINED SPOTTER,,33.42,-111.94,True,True,False,
2015-08-31,2015-08-31-068,2015-09-01 03:06,2015-08-31 20:06,R,HEAVY RAIN,0.5,1 NW ARIZONA STATE UNIV,MARICOPA,AZ,AZC013,Maricopa,PSR,TRAINED SPOTTER,CURB TO CURB STREET FLOODING MILL AVE AND 5TH ST,33.42,-111.94,True,True,False,
2015-08-31,2015-08-31-069,2015-09-01 03:09,2015-08-31 20:09,D,TSTM WND DMG,,2 SW ARIZONA STATE FAIR,MARICOPA,AZ,AZC013,Maricopa,PSR,TRAINED SPOTTER,NUMEROUS TREES DOWN AT 27TH AVE AND VAN BUREN,33.45,-112.12,True,True,False,
2015-08-31,2015-08-31-070,2015-09-01 03:10,2015-08-31 20:10,G,TSTM WND GST,60.0,2 N PAPAGO PARK,MARICOPA,AZ,AZC013,Maricopa,PSR,MESONET,,33.48,-111.95,True,True,False,
2015-08-31,2015-08-31-071,2015-09-01 03:15,2015-08-31 20:15,G,TSTM WND GST,52.0,5 NNW CASA GRANDE,PINAL,AZ,AZC021,Pinal,PSR,AWOS,,32.95,-111.77,False,True,False,
2015-08-31,2015-08-31-072,2015-09-01 03:15,2015-08-31 20:15,G,TSTM WND GST,52.0,4 S MESA,MARICOPA,AZ,AZC013,Maricopa,PSR,MESONET,,33.36,-111.74,False,True,False,
2015-08-31,2015-08-31-073,2015-09-01 03:15,2015-08-31 20:15,G,TSTM WND GST,65.0,2 ENE PAPAGO PARK,MARICOPA,AZ,AZC013,Maricopa,PSR,BROADCAST MEDIA,WIND 50 MPH GUSTS TO 65 MPH AT 74TH ST. AND MCDOWELL,33.47,-111.92,False,True,False,
2015-08-31,2015-08-31-074,2015-09-01 03:16,2015-08-31 20:16,G,TSTM WND GST,52.0,1 E TEMPE,MARICOPA,AZ,AZC013,Maricopa,PSR,MESONET,,33.39,-111.91,False,True,False,
2015-08-31,2015-08-31-075,2015-09-01 03:16,2015-08-31 20:16,D,TSTM WND DMG,,1 N ARIZONA STATE FAIRG,MARICOPA,AZ,AZC013,Maricopa,PSR,BROADCAST MEDIA,DOWNED POWER POLES AND POWER LINES LAYING ATOP HOUSES AT 17TH AVE AND THOMAS,33.48,-112.09,True,True,False,
2015-08-31,2015-08-31-076,2015-09-01 03:17,2015-08-31 20:17,H,HAIL,0.25,ARIZONA STATE UNIVERSIT,MARICOPA,AZ,AZC013,Maricopa,PSR,PUBLIC,PEA SIZED HAIL AT ASU,33.42,-111.93,True,True,False,
2015-08-31,2015-08-31-077,2015-09-01 03:20,2015-08-31 20:20,E,FLOOD,,1 NNE DOWNTOWN PHOENIX,MARICOPA,AZ,AZC013,Maricopa,PSR,BROADCAST MEDIA,DECK PARK TUNNEL FLOODED. NUMEROUS DRIVERS STRANDED IN TUNNEL,33.46,-112.07,True,True,True,
2015-08-31,2015-08-31-078,2015-09-01 03:25,2015-08-31 20:25,E,FLOOD,,2 W PAPAGO PARK,MARICOPA,AZ,AZC013,Maricopa,PSR,BROADCAST MEDIA,DRIVER STRANDED DUE TO FLOODING 48TH ST AND VAN BUREN,33.45,-111.98,True,True,True,
2015-08-31,2015-08-31-079,2015-09-01 03:26,2015-08-31 20:26,D,TSTM WND DMG,,3 NNE PARADISE VALLEY,MARICOPA,AZ,AZC013,Maricopa,PSR,PUBLIC,TREE FELL ON CAR AT SCOTTSDALE RD AND SHEA BLVD,33.58,-111.93,False,True,False,
2015-08-31,2015-08-31-080,2015-09-01 03:30,2015-08-31 20:30,D,TSTM WND DMG,,1 SSW ARIZONA STATE UNI,MARICOPA,AZ,AZC013,Maricopa,PSR,PUBLIC,DOWNED TREES AND SHINGLES BLOWN OFF ROOFS AT MILL AVE AND BROADWAY RD,33.41,-111.94,True,True,False,
2015-08-31,2015-08-31-081,2015-09-01 03:30,2015-08-31 20:30,G,TSTM WND GST,60.0,2 NE FIESTA MALL,MARICOPA,AZ,AZC013,Maricopa,PSR,AMATEUR RADIO,ESTIMATED 60 MPH WIND IN CENTRAL MESA,33.41,-111.83,False,True,False,
2015-08-31,2015-08-31-082,2015-09-01 03:31,2015-08-31 20:31,E,FLOOD,,4 NNW SKY HARBOR AIRPOR,MARICOPA,AZ,AZC013,Maricopa,PSR,PUBLIC,CURB TO CURB STREET FLOODING AT 22ND ST AND OSBORN RD,33.49,-112.03,True,True,True,
2015-08-31,2015-08-31-083,2015-09-01 03:33,2015-08-31 20:33,D,TSTM WND DMG,,3 S FIESTA MALL,MARICOPA,AZ,AZC013,Maricopa,PSR,TRAINED SPOTTER,DELAYED REPORT. 8 INCH DIAMETER TREE UPROOTED. 12 INCH DIAMETER TREE SNAPPED...TAKING DOWN A POWER POLE IN THE PROCESS. METAL SIDING DAMAGED ON TEMPORARY BUILDING. CROSS STREETS ALMA SCHOOL AND ELLIO,33.34,-111.86,False,True,False,
2015-08-31,2015-08-31-084,2015-09-01 03:34,2015-08-31 20:34,D,TSTM WND DMG,,1 NE DOWNTOWN PHOENIX,MARICOPA,AZ,AZC013,Maricopa,PSR,BROADCAST MEDIA,TREES DOWN ACROSS 7TH ST AT ROOSEVELT,33.46,-112.06,True,True,False,
2015-08-31,2015-08-31-085,2015-09-01 03:52,2015-08-31 20:52,D,TSTM WND DMG,,3 SW CAMELBACK MOUNTAIN,MARICOPA,AZ,AZC013,Maricopa,PSR,PUBLIC,TREES DOWN ON 40TH ST BETWEEN INDIAN SCHOOL AND THOMAS,33.49,-112.0,True,True,False,
2015-08-31,2015-08-31-086,2015-09-01 04:01,2015-08-31 21:01,D,TSTM WND DMG,,1 N ARIZONA STATE UNIVE,MARICOPA,AZ,AZC013,Maricopa,PSR,PUBLIC,DOWNED STREETLIGHT POLE ON COLLEGE AVE JUST N OF CURRY,33.44,-111.93,False,True,False,
2015-08-31,2015-08-31-087,2015-09-01 04:03,2015-08-31 21:03,D,TSTM WND DMG,,2 NE DOWNTOWN SCOTTSDAL,MARICOPA,AZ,AZC013,Maricopa,PSR,BROADCAST MEDIA,POWER LINES DOWN AT CHAPARRAL AND 86TH ST.,33.51,-111.89,False,True,False,
2015-08-31,2015-08-31-088,2015-09-01 04:40,2015-08-31 21:40,D,TSTM WND DMG,,1 WNW ARIZONA STATE FAI,MARICOPA,AZ,AZC013,Maricopa,PSR,BROADCAST MEDIA,BILLBOARD BLOWN DOWN AT GRAND AVE AND ENCANTO,33.47,-112.11,True,True,False,
2018-07-09,2018-07-09-001,2018-07-09 03:30,2018-07-08 20:30,2,DUST STORM,,5 WNW FLORENCE,PINAL,AZ,AZC021,Pinal,PSR,TRAINED SPOTTER,1/2 MILE VISIBILITY. TIME IS ESTIMATED.,33.06,-111.46,False,False,False,
2018-07-09,2018-07-09-002,2018-07-09 03:40,2018-07-08 20:40,2,DUST STORM,,5 NNE CASA GRANDE,PINAL,AZ,AZC021,Pinal,PSR,LAW ENFORCEMENT,VISIBILITY OF 200 FT AT MILE POST 190.,32.94,-111.7,False,False,False,
2018-07-09,2018-07-09-003,2018-07-09 03:41,2018-07-08 20:41,2,DUST STORM,,5 NNE ARIZONA CITY,PINAL,AZ,AZC021,Pinal,PSR,TRAINED SPOTTER,VISIBILITY 1/8 OF A MILE.,32.81,-111.64,False,False,False,
2018-07-09,2018-07-09-004,2018-07-09 03:55,2018-07-08 20:55,G,TSTM WND GST,55.0,3 WNW CASA GRANDE,PINAL,AZ,AZC021,Pinal,PSR,UTILITY COMPANY,,32.9,-111.79,False,False,False,
2018-07-09,2018-07-09-005,2018-07-09 04:00,2018-07-08 21:00,2,DUST STORM,,4 N CASA GRANDE,PINAL,AZ,AZC021,Pinal,PSR,TRAINED SPOTTER,EIL 18024 OUT DRIVING. NEAR 0 VISIBILITY_ COULD ONLY SEE TO THE HOOD OF CAR.,32.94,-111.76,False,False,False,
2018-07-09,2018-07-09-006,2018-07-09 04:00,2018-07-08 21:00,D,TSTM WND DMG,,2 NNE BUCKEYE,MARICOPA,AZ,AZC013,Maricopa,PSR,TRAINED SPOTTER,TIME IS ESTIMATED. 2 FULL SIZED PALO VERDE TREES UPROOTEDED. BASE OF TRUNK 7-8'' IN DIAMETER.,33.41,-112.59,False,False,False,
2018-07-09,2018-07-09-007,2018-07-09 04:00,2018-07-08 21:00,D,TSTM WND DMG,,4 N BUCKEYE,MARICOPA,AZ,AZC013,Maricopa,PSR,TRAINED SPOTTER,TWO SEMI TRUCKS OVERTURNED ON I-10 BETWEEN VERRADO AND HIGHWAY 85. TIME IS ESTIMATED. MAA11262.,33.43,-112.59,False,False,False,
2018-07-09,2018-07-09-008,2018-07-09 04:00,2018-07-08 21:00,D,TSTM WND DMG,,7 NW BUCKEYE,MARICOPA,AZ,AZC013,Maricopa,PSR,BROADCAST MEDIA,A FEW TRAILERS WERE COMPLETELY DEMOLISHED DUE TO THUNDERSTORM WINDS.,33.46,-112.69,False,False,False,
2018-07-09,2018-07-09-009,2018-07-09 04:05,2018-07-08 21:05,2,DUST STORM,,5 NNW CASA GRANDE,PINAL,AZ,AZC021,Pinal,PSR,AWOS,1/8 MILE VISIBILITY IN 47 MPH WIND GUSTS.,32.95,-111.77,False,False,False,
2018-07-09,2018-07-09-010,2018-07-09 04:15,2018-07-08 21:15,2,DUST STORM,,9 SE MARICOPA,PINAL,AZ,AZC021,Pinal,PSR,AWOS,1/4 MILE VISIBILITY IN 48 MPH WIND GUSTS.,32.99,-111.92,False,False,False,
2018-07-09,2018-07-09-011,2018-07-09 04:15,2018-07-08 21:15,D,TSTM WND DMG,,9 SW WITTMANN,MARICOPA,AZ,AZC013,Maricopa,PSR,TRAINED SPOTTER,CORRECTS PREVIOUS TSTM WND DMG REPORT FROM 9 SW WITTMANN. 3 TREES DOWN. LARGEST WAS 16 INCHES IN DIAMETER AND 30 FT. TALL. ROOT SYSTEM ABOUT 5 FEET IN DIAMETER AND ABOUT 3 FT. DEEP. TIME IS ESTIMATED,33.67,-112.62,False,False,False,
2018-07-09,2018-07-09-012,2018-07-09 04:22,2018-07-08 21:22,2,DUST STORM,,3 W SANTAN,PINAL,AZ,AZC021,Pinal,PSR,PUBLIC,REPORTS OF NEAR ZERO VISIBILITY AND STOPPED MOTORISTS ALONG I-10.,33.14,-111.86,False,False,False,
2018-07-09,2018-07-09-013,2018-07-09 04:23,2018-07-08 21:23,2,DUST STORM,,5 N ARIZONA CITY,PINAL,AZ,AZC021,Pinal,PSR,DEPT OF HIGHWAYS,INTERSTATE 10 CLOSED FROM MILEPOST 186 TO MILEPOST 200 DUE TO DUST STORM.,32.82,-111.68,False,False,False,
2018-07-09,2018-07-09-014,2018-07-09 04:30,2018-07-08 21:30,D,TSTM WND DMG,,3 W BUCKEYE,MARICOPA,AZ,AZC013,Maricopa,PSR,BROADCAST MEDIA,...DELAYED REPORT... POWER LINES DOWN DUE TO THUNDERSTORM WINDS. REPORTED UP TO 14_000 PEOPLE WITHOUT POWER.,33.38,-112.65,False,False,False,
2018-07-09,2018-07-09-015,2018-07-09 04:39,2018-07-08 21:39,2,DUST STORM,,2 SW PHOENIX MESA GATEW,MARICOPA,AZ,AZC013,Maricopa,PSR,TRAINED SPOTTER,VISIBILITY BETWEEN 0.25 AND 0.5 MILES. MAA11023.,33.29,-111.69,False,False,False,
2018-07-09,2018-07-09-016,2018-07-09 05:30,2018-07-08 22:30,D,TSTM WND DMG,,GILA BEND,MARICOPA,AZ,AZC013,Maricopa,PSR,TRAINED SPOTTER,DELAYED REPORT: DOWNED POWER LINES AND UPROOTED TREE. HALF THE TOWN STILL WITHOUT POWER AND TELEPHONE LANDLINE SERVICE. ESTIMATED TIME: 10:25-11:00 PM MST.,32.95,-112.71,False,False,False,
2018-07-09,2018-07-09-017,2018-07-09 05:34,2018-07-08 22:34,D,TSTM WND DMG,,9 SW WITTMANN,MARICOPA,AZ,AZC013,Maricopa,PSR,TRAINED SPOTTER,3 TREES DOWN. LARGEST WAS 16 INCHES IN DIAMETER AND 30 FT. TALL. ROOT SYSTEM ABOUT 5 FEET IN DIAMETER AND ABOUT 3 FT. DEEP.,33.67,-112.62,False,False,False,
2018-07-09,2018-07-09-018,2018-07-09 05:41,2018-07-08 22:41,G,TSTM WND GST,52.0,4 S GILA BEND,MARICOPA,AZ,AZC013,Maricopa,PSR,AWOS,3/4 MILE VISIBILITY IN BLOWING DUST.,32.89,-112.72,False,False,False,
2018-07-09,2018-07-09-019,2018-07-09 06:00,2018-07-08 23:00,G,TSTM WND GST,53.0,9 E SENTINEL,MARICOPA,AZ,AZC013,Maricopa,PSR,MESONET,,32.89,-113.07,False,False,False,
2018-07-09,2018-07-09-020,2018-07-09 06:06,2018-07-08 23:06,F,FLASH FLOOD,,11 ENE GILA BEND,MARICOPA,AZ,AZC013,Maricopa,PSR,PUBLIC,MOTORISTS STRANDED ON SR 238 BETWEEN FLOODED WASHES.,32.99,-112.54,False,False,False,
2018-07-09,2018-07-09-021,2018-07-09 06:26,2018-07-08 23:26,G,TSTM WND GST,57.0,18 NNE HYDER,MARICOPA,AZ,AZC013,Maricopa,PSR,MESONET,,33.24,-113.2,False,False,False,
2018-07-09,2018-07-09-022,2018-07-09 06:30,2018-07-08 23:30,F,FLASH FLOOD,,1 WSW MOBILE,MARICOPA,AZ,AZC013,Maricopa,PSR,DEPT OF HIGHWAYS,ROAD CLOSED DUE TO FLOODING.,33.05,-112.29,False,False,False,
2018-07-09,2018-07-09-023,2018-07-09 22:12,2018-07-09 15:12,G,TSTM WND GST,63.0,16 WNW SUNFLOWER,MARICOPA,AZ,AZC013,Maricopa,PSR,MESONET,AUTOMATED WEATHER STATION AT HORSESHOE DAM MEASURED 63 MPH.,33.99,-111.71,False,False,False,
2018-07-09,2018-07-09-024,2018-07-09 22:19,2018-07-09 15:19,2,DUST STORM,,5 NNE PHOENIX MESA GATE,MARICOPA,AZ,AZC013,Maricopa,PSR,TRAINED SPOTTER,VISIBILITY DOWN TO 200 FEET NEAR CRISMON RD AND BASELINE RD.,33.37,-111.62,False,False,False,
2018-07-09,2018-07-09-025,2018-07-09 22:20,2018-07-09 15:20,2,DUST STORM,,PHOENIX MESA GATEWAY AI,MARICOPA,AZ,AZC013,Maricopa,PSR,AWOS,VISIBILITY DOWN TO ONE QUARTER MILE.,33.31,-111.66,False,False,False,
2018-07-09,2018-07-09-026,2018-07-09 22:29,2018-07-09 15:29,H,HAIL,0.25,2 WSW APACHE JUNCTION,MARICOPA,AZ,AZC013,Maricopa,PSR,TRAINED SPOTTER,PEA SIZED HAIL NEAR MERIDAN RD AND SOUTHERN AVE.,33.4,-111.58,False,False,False,
2018-07-09,2018-07-09-027,2018-07-09 22:33,2018-07-09 15:33,G,TSTM WND GST,50.0,4 ESE EAST MESA,MARICOPA,AZ,AZC013,Maricopa,PSR,TRAINED SPOTTER,50 MPH WIND GUSTS NEAR ELLSWORTH AND SOUTHERN. IN ADDITION_ PEA SIZED HAIL AND RAINFALL OF 0.33 INCHES IN 5 MINUTES.,33.4,-111.62,False,False,False,
2018-07-09,2018-07-09-028,2018-07-09 22:39,2018-07-09 15:39,H,HAIL,0.75,3 ESE EAST MESA,MARICOPA,AZ,AZC013,Maricopa,PSR,TRAINED SPOTTER,DIME TO PENNY SIZED HAIL REPORTED NEAR ELLSWORTH AND HIGHWAY 60.,33.39,-111.64,False,False,False,
2018-07-09,2018-07-09-029,2018-07-09 22:40,2018-07-09 15:40,D,TSTM WND DMG,,3 E EAST MESA,MARICOPA,AZ,AZC013,Maricopa,PSR,BROADCAST MEDIA,DAMAGE TO A MOBILE HOME PARK. TIME ESTIMATED BY RADAR.,33.41,-111.63,False,False,False,
2018-07-09,2018-07-09-030,2018-07-09 22:44,2018-07-09 15:44,H,HAIL,0.75,3 W APACHE JUNCTION,MARICOPA,AZ,AZC013,Maricopa,PSR,TRAINED SPOTTER,DIME TO PENNY SIZED HAIL REPORTED NEAR BROADWAY AND SIGNAL BUTTE. POWER OUTAGE AS WELL.,33.41,-111.6,False,False,False,
2018-07-09,2018-07-09-031,2018-07-09 22:45,2018-07-09 15:45,D,TSTM WND DMG,,3 NE GILBERT,MARICOPA,AZ,AZC013,Maricopa,PSR,TRAINED SPOTTER,REPORT OF DOWNED TREES AND PEA SIZED HAIL NEAR BASELINE AND GREENFIELD.,33.38,-111.74,False,False,False,
2018-07-09,2018-07-09-032,2018-07-09 22:48,2018-07-09 15:48,R,HEAVY RAIN,1.25,2 WSW APACHE JUNCTION,MARICOPA,AZ,AZC013,Maricopa,PSR,TRAINED SPOTTER,RAINFALL OF 1.25 INCHES NEAR MERIDIAN AND PUEBLO WHICH OCCURRED IN 25 MINUTES.,33.4,-111.58,False,False,False,
2018-07-09,2018-07-09-033,2018-07-09 22:50,2018-07-09 15:50,D,TSTM WND DMG,,1 N MESA,MARICOPA,AZ,AZC013,Maricopa,PSR,PUBLIC,CORRECTS TIME AND TYPE OF PREVIOUS NON-TSTM WND DMG REPORT FROM 1 N MESA. LARGE TREES DOWNED. TIME ESTIMATED BY RADAR.,33.42,-111.83,False,False,False,
2018-07-09,2018-07-09-034,2018-07-09 22:50,2018-07-09 15:50,H,HAIL,0.25,1 E EAST MESA,MARICOPA,AZ,AZC013,Maricopa,PSR,TRAINED SPOTTER,PEA SIZED HAIL AT SOSSAMAN AND MAIN.,33.42,-111.67,False,False,False,
2018-07-09,2018-07-09-035,2018-07-09 22:50,2018-07-09 15:50,H,HAIL,0.25,4 WNW APACHE JUNCTION,MARICOPA,AZ,AZC013,Maricopa,PSR,TRAINED SPOTTER,PEA SIZED HAIL REPORTED NEAR CRISMON AND UNIVERSITY.,33.43,-111.61,False,False,False,
2018-07-09,2018-07-09-036,2018-07-09 22:55,2018-07-09 15:55,D,TSTM WND DMG,,1 NNE MESA,MARICOPA,AZ,AZC013,Maricopa,PSR,TRAINED SPOTTER,TREES DOWNED AND GARAGE DAMAGE. TIME ESTIMATED FROM RADAR.,33.44,-111.82,False,False,False,
2018-07-09,2018-07-09-037,2018-07-09 22:57,2018-07-09 15:57,F,FLASH FLOOD,,5 WNW FLORENCE,PINAL,AZ,AZC021,Pinal,PSR,TRAINED SPOTTER,STREET FLOODING WITH WATER OVER THE CURBS IN THE MERRILL RANCH DEVELOPMENT OF FLORENCE.,33.06,-111.46,False,False,False,
2018-07-09,2018-07-09-038,2018-07-09 22:57,2018-07-09 15:57,D,TSTM WND DMG,,1 ENE ARIZONA STATE UNI,MARICOPA,AZ,AZC013,Maricopa,PSR,PUBLIC,LARGE TREE DOWN NEAR UNIVERSITY AND MCCLINTOCK.,33.42,-111.91,False,False,False,
2018-07-09,2018-07-09-039,2018-07-09 23:05,2018-07-09 16:05,D,TSTM WND DMG,,4 W EAST MESA,MARICOPA,AZ,AZC013,Maricopa,PSR,TRAINED SPOTTER,CARPORT DAMAGED.,33.42,-111.75,False,True,False,
2018-07-09,2018-07-09-040,2018-07-09 23:05,2018-07-09 16:05,D,TSTM WND DMG,,1 NNE MESA,MARICOPA,AZ,AZC013,Maricopa,PSR,BROADCAST MEDIA,TREES AND POWER LINES DOWN. TIME ESTIMATED FROM RADAR.,33.43,-111.82,False,True,False,
2018-07-09,2018-07-09-041,2018-07-09 23:07,2018-07-09 16:07,2,DUST STORM,,5 SE QUEEN CREEK,PINAL,AZ,AZC021,Pinal,PSR,TRAINED SPOTTER,VISIBILITY DOWN TO 100 YARDS IN BLOWING DUST NEAR HUNT HIGHWAY AND GARY RD.,33.18,-111.58,False,True,False,
2018-07-09,2018-07-09-042,2018-07-09 23:08,2018-07-09 16:08,D,TSTM WND DMG,,2 ESE MESA,MARICOPA,AZ,AZC013,Maricopa,PSR,TRAINED SPOTTER,TREES OF 6 INCHES IN DIAMETER KNOCKED DOWN. PART OF THE ROOF OF A HOUSE PEELED BACK.,33.41,-111.8,False,True,False,
2018-07-09,2018-07-09-043,2018-07-09 23:10,2018-07-09 16:10,2,DUST STORM,,2 NE CASA GRANDE,PINAL,AZ,AZC021,Pinal,PSR,PUBLIC,100 FT VISIBILITY IN DENSE BLOWING DUST.,32.91,-111.72,False,True,False,
2018-07-09,2018-07-09-044,2018-07-09 23:10,2018-07-09 16:10,D,TSTM WND DMG,,1 NNE MESA,MARICOPA,AZ,AZC013,Maricopa,PSR,BROADCAST MEDIA,*** 1 INJ *** TREE FELL ONTO HOUSE_ REQUIRED RESCUE OF ONE MALE.,33.43,-111.83,False,True,False,
2018-07-09,2018-07-09-045,2018-07-09 23:11,2018-07-09 16:11,2,DUST STORM,,2 S GUADALUPE,MARICOPA,AZ,AZC013,Maricopa,PSR,TRAINED SPOTTER,VISIBILITY AROUND 50 YARDS.,33.33,-111.96,False,True,False,
2018-07-09,2018-07-09-046,2018-07-09 23:11,2018-07-09 16:11,2,DUST STORM,,2 E TEMPE,MARICOPA,AZ,AZC013,Maricopa,PSR,TRAINED SPOTTER,VISIBILITY BELOW ONE QUARTER MILE NEAR THE INTERSECTION OF THE 101 FREEWAY AND 202 FREEWAY.,33.39,-111.89,False,True,False,
2018-07-09,2018-07-09-047,2018-07-09 23:14,2018-07-09 16:14,G,TSTM WND GST,80.0,6 N FLORENCE,PINAL,AZ,AZC021,Pinal,PSR,PUBLIC,DELAYED REPORT. MEASURED BY AZ ALERT STATION.,33.12,-111.4,False,True,False,
2018-07-09,2018-07-09-048,2018-07-09 23:14,2018-07-09 16:14,G,TSTM WND GST,80.0,6 N FLORENCE,PINAL,AZ,AZC021,Pinal,PSR,UTILITY COMPANY,,33.12,-111.4,False,True,False,2018-07-09-047
2018-07-09,2018-07-09-049,2018-07-09 23:15,2018-07-09 16:15,2,DUST STORM,,7 S SACATON,PINAL,AZ,AZC021,Pinal,PSR,TRAINED SPOTTER,100 FT VISIBILITY IN DENSE BLOWING DUST.,32.98,-111.73,False,True,False,
2018-07-09,2018-07-09-050,2018-07-09 23:15,2018-07-09 16:15,G,TSTM WND GST,50.0,4 ENE PARADISE VALLEY,MARICOPA,AZ,AZC013,Maricopa,PSR,TRAINED SPOTTER,WIND GUSTS TO 50 MPH REPORTED NEAR THE 101 FREEWAY AND VIA DE VENTURA. ALSO_ VISIBILITY DOWN TO ONE QUARTER MILE IN HEAVY RAIN.,33.55,-111.88,False,True,False,
2018-07-09,2018-07-09-051,2018-07-09 23:18,2018-07-09 16:18,2,DUST STORM,,5 NNE ARIZONA CITY,PINAL,AZ,AZC021,Pinal,PSR,TRAINED SPOTTER,1/16 MILE VISIBILITY IN DENSE BLOWING DUST.,32.81,-111.63,False,True,False,
2018-07-09,2018-07-09-052,2018-07-09 23:23,2018-07-09 16:23,E,FLOOD,,1 ESE PARADISE VALLEY,MARICOPA,AZ,AZC013,Maricopa,PSR,TRAINED SPOTTER,CURB TO CURB FLOODING NEAR SCOTTSDALE RD AND MCDONALD DR.,33.53,-111.92,False,True,False,
2018-07-09,2018-07-09-053,2018-07-09 23:30,2018-07-09 16:30,H,HAIL,0.5,2 NW ARIZONA STATE UNIV,MARICOPA,AZ,AZC013,Maricopa,PSR,NWS EMPLOYEE,,33.44,-111.96,True,True,False,
2018-07-09,2018-07-09-054,2018-07-09 23:30,2018-07-09 16:30,D,TSTM WND DMG,,1 NW SKY HARBOR AIRPORT,MARICOPA,AZ,AZC013,Maricopa,PSR,BROADCAST MEDIA,CORRECTS TIME PREVIOUS TSTM WND DMG REPORT FROM 1 NW SKY HARBOR AIRPORT AS WELL AS ADDING 1 SERIOUS INJURY. LARGE SECTIONS OF AN APARTMENT COMPLEX ROOF TORN OFF. TIME ESTIMATED FROM RADAR.,33.45,-112.03,True,True,False,
2018-07-09,2018-07-09-055,2018-07-09 23:34,2018-07-09 16:34,G,TSTM WND GST,59.0,1 WSW NORTH SCOTTSDALE,MARICOPA,AZ,AZC013,Maricopa,PSR,ASOS,,33.62,-111.91,False,True,False,
2018-07-09,2018-07-09-056,2018-07-09 23:35,2018-07-09 16:35,D,TSTM WND DMG,,4 NE GLENDALE,MARICOPA,AZ,AZC013,Maricopa,PSR,TRAINED SPOTTER,LARGE TREE DOWN.,33.57,-112.13,True,True,False,
2018-07-09,2018-07-09-057,2018-07-09 23:38,2018-07-09 16:38,G,TSTM WND GST,71.0,1 SSE SKY HARBOR AIRPOR,MARICOPA,AZ,AZC013,Maricopa,PSR,ASOS,,33.43,-112.01,True,True,False,
2018-07-09,2018-07-09-058,2018-07-09 23:41,2018-07-09 16:41,G,TSTM WND GST,50.0,4 NE GLENDALE,MARICOPA,AZ,AZC013,Maricopa,PSR,TRAINED SPOTTER,REPORT OF 50 MPH GUSTS NEAR 35TH AVE AND PEORIA RD. SMALL TREE BRANCHES OF 1 INCH IN DIAMETER SNAPPED OFF.,33.58,-112.14,True,True,False,
2018-07-09,2018-07-09-059,2018-07-09 23:42,2018-07-09 16:42,2,DUST STORM,,3 ENE PEORIA,MARICOPA,AZ,AZC013,Maricopa,PSR,TRAINED SPOTTER,VISIBILITY DOWN TO ONE QUARTER MILE IN BLOWING DUST.,33.6,-112.19,False,True,False,
2018-07-09,2018-07-09-060,2018-07-09 23:42,2018-07-09 16:42,G,TSTM WND GST,64.0,2 NE DEER VALLEY,MARICOPA,AZ,AZC013,Maricopa,PSR,ASOS,,33.69,-112.08,False,True,False,
2018-07-09,2018-07-09-061,2018-07-09 23:45,2018-07-09 16:45,O,NON-TSTM WND DMG,,1 N MESA,MARICOPA,AZ,AZC013,Maricopa,PSR,PUBLIC,LARGE TREES DOWNED. TIME ESTIMATED BY RADAR.,33.42,-111.83,False,True,False,
2018-07-09,2018-07-09-062,2018-07-09 23:45,2018-07-09 16:45,D,TSTM WND DMG,,2 NW PHOENIX,MARICOPA,AZ,AZC013,Maricopa,PSR,TRAINED SPOTTER,25 FT SECTION OF ROOF BLOWN OFF BUILDING. TIME ESTIMATED FROM RADAR.,33.47,-112.1,True,True,False,
2018-07-09,2018-07-09-063,2018-07-09 23:45,2018-07-09 16:45,D,TSTM WND DMG,,6 E DEER VALLEY,MARICOPA,AZ,AZC013,Maricopa,PSR,TRAINED SPOTTER,TREE WITH 7 INCH DIAMETER TRUNK UPROOTED.,33.67,-112.02,True,True,False,
2018-07-09,2018-07-09-064,2018-07-09 23:45,2018-07-09 16:45,D,TSTM WND DMG,,6 NW DEER VALLEY,MARICOPA,AZ,AZC013,Maricopa,PSR,PUBLIC,SOLAR PANEL TORN FROM A ROOF. NUMEROUS TREES DOWN IN NEIGHBORHOOD.,33.73,-112.19,False,True,False,
2018-07-09,2018-07-09-065,2018-07-09 23:51,2018-07-09 16:51,H,HAIL,0.5,3 NE PHOENIX,MARICOPA,AZ,AZC013,Maricopa,PSR,TRAINED SPOTTER,,33.48,-112.05,True,True,False,
2018-07-09,2018-07-09-066,2018-07-09 23:52,2018-07-09 16:52,R,HEAVY RAIN,0.64,3 NNE PHOENIX,MARICOPA,AZ,AZC013,Maricopa,PSR,TRAINED SPOTTER,REPORT OF 0.64 INCHES OF RAIN IN 20 MINUTES NEAR 16TH ST. AND THOMAS RD. PEA SIZE HAIL ALSO REPORTED.,33.49,-112.05,True,True,False,
2018-07-09,2018-07-09-067,2018-07-09 23:55,2018-07-09 16:55,H,HAIL,0.5,5 NNW AHWATUKEE FOOTHIL,MARICOPA,AZ,AZC013,Maricopa,PSR,TRAINED SPOTTER,REPORT OF HALF INCH DIAMETER HAIL NEAR 7TH AVE. AND DOBBINS RD.,33.37,-112.09,True,True,False,
2018-07-09,2018-07-09-068,2018-07-09 23:55,2018-07-09 16:55,D,TSTM WND DMG,,1 ESE PEORIA,MARICOPA,AZ,AZC013,Maricopa,PSR,TRAINED SPOTTER,LARGE TREE DOWN AND ROOF SHINGLES BLOWN OFF. TIME ESTIMATED FROM RADAR.,33.57,-112.22,False,True,False,
2018-07-09,2018-07-09-069,2018-07-09 23:55,2018-07-09 16:55,D,TSTM WND DMG,,5 W DEER VALLEY,MARICOPA,AZ,AZC013,Maricopa,PSR,TRAINED SPOTTER,CORRECTS TIME AND TYPE OF PREVIOUS NON-TSTM WND DMG REPORT FROM 5 W DEER VALLEY. LARGE TREE DOWNED. TIME ESTIMATED FROM RADAR.,33.67,-112.2,False,True,False,
2018-07-09,2018-07-09-070,2018-07-09 23:59,2018-07-09 16:59,R,HEAVY RAIN,1.2,3 NNE PHOENIX,MARICOPA,AZ,AZC013,Maricopa,PSR,TRAINED SPOTTER,RAINFALL OF 1.20 INCHES IN 35 MINUTES NEAR 16TH ST. AND THOMAS RD.,33.49,-112.05,True,True,False,
2018-07-09,2018-07-09-071,2018-07-10 00:00,2018-07-09 17:00,D,TSTM WND DMG,,5 S GLENDALE,MARICOPA,AZ,AZC013,Maricopa,PSR,PUBLIC,LARGE TREE DOWN. TIME ESTIMATED VIA RADAR.,33.47,-112.17,True,True,False,
2018-07-09,2018-07-09-072,2018-07-10 00:00,2018-07-09 17:00,D,TSTM WND DMG,,2 SW PEORIA,MARICOPA,AZ,AZC013,Maricopa,PSR,TRAINED SPOTTER,SEVERAL DOWNED TREES. TIME ESTIMATED FROM RADAR.,33.57,-112.26,False,True,False,
2018-07-09,2018-07-09-073,2018-07-10 00:02,2018-07-09 17:02,E,FLOOD,,4 NNE PHOENIX,MARICOPA,AZ,AZC013,Maricopa,PSR,TRAINED SPOTTER,STREET FLOODING WITH WATER OVER THE CURBS AND REACHING SOME YARDS NEAR 16TH ST. AND INDIAN SCHOOL RD.,33.49,-112.05,True,True,True,
2018-07-09,2018-07-09-074,2018-07-10 00:03,2018-07-09 17:03,E,FLOOD,,2 NE PHOENIX,MARICOPA,AZ,AZC013,Maricopa,PSR,PUBLIC,WATER OVER 3 INCHES DEEP FLOWING OVER SIDEWALKS INTO YARDS.,33.47,-112.04,True,True,True,
2018-07-09,2018-07-09-075,2018-07-10 00:08,2018-07-09 17:08,G,TSTM WND GST,60.0,1 WSW LUKE AFB,MARICOPA,AZ,AZC013,Maricopa,PSR,ASOS,,33.53,-112.38,False,True,False,
2018-07-09,2018-07-09-076,2018-07-10 00:09,2018-07-09 17:09,2,DUST STORM,,3 NW TOLLESON,MARICOPA,AZ,AZC013,Maricopa,PSR,TRAINED SPOTTER,VISIBILITY DOWN TO ONE QUARTER MILE WITH 40 MPH WINDS.,33.48,-112.3,False,True,False,
2018-07-09,2018-07-09-077,2018-07-10 00:12,2018-07-09 17:12,D,TSTM WND DMG,,2 SW GLENDALE,MARICOPA,AZ,AZC013,Maricopa,PSR,TRAINED SPOTTER,TREE WITH 10 INCH DIAMETER TRUNK DOWN AND BLOCKING 75TH AVE NEAR MISSOURI AVE.,33.52,-112.22,False,True,False,
2018-07-09,2018-07-09-078,2018-07-10 00:15,2018-07-09 17:15,D,TSTM WND DMG,,2 NNW CITRUS PARK,MARICOPA,AZ,AZC013,Maricopa,PSR,TRAINED SPOTTER,ROOF TILES BLOWN OFF.,33.57,-112.46,False,True,False,
2018-07-09,2018-07-09-079,2018-07-10 00:19,2018-07-09 17:19,E,FLOOD,,PHOENIX,MARICOPA,AZ,AZC013,Maricopa,PSR,TRAINED SPOTTER,CURB TO CURB FLOODING NEAR PHOENIX CITY HALL.,33.45,-112.08,True,True,True,
2018-07-09,2018-07-09-080,2018-07-10 00:24,2018-07-09 17:24,2,DUST STORM,,9 SW WITTMANN,MARICOPA,AZ,AZC013,Maricopa,PSR,TRAINED SPOTTER,VISIBILITY DOWN TO ONE QUARTER MILE IN BLOWING DUST.,33.67,-112.63,False,True,False,
2018-07-09,2018-07-09-081,2018-07-10 00:30,2018-07-09 17:30,E,FLOOD,,5 NW AHWATUKEE FOOTHILL,MARICOPA,AZ,AZC013,Maricopa,PSR,TRAINED SPOTTER,STREET FLOODING IN AND AROUND 27TH AVE. AND DOBBINS WITH IRRIGATION CANALS OVERFLOWING. STREETS REPORTED AS IMPASSABLE.,33.36,-112.12,False,True,False,
2018-07-09,2018-07-09-082,2018-07-10 00:30,2018-07-09 17:30,D,TSTM WND DMG,,1 NW SKY HARBOR AIRPORT,MARICOPA,AZ,AZC013,Maricopa,PSR,BROADCAST MEDIA,LARGE SECTIONS OF AN APARTMENT COMPLEX ROOF TORN OFF. TIME ESTIMATED FROM RADAR.,33.45,-112.03,True,True,False,
2018-07-09,2018-07-09-083,2018-07-10 00:31,2018-07-09 17:31,2,DUST STORM,,7 NE WINTERSBURG,MARICOPA,AZ,AZC013,Maricopa,PSR,TRAINED SPOTTER,VISIBILITY DOWN TO ONE QUARTER MILE IN BLOWING DUST NEAR 339TH AVE. AND INDIAN SCHOOL RD.,33.49,-112.78,False,True,False,
2018-07-09,2018-07-09-084,2018-07-10 00:35,2018-07-09 17:35,D,TSTM WND DMG,,3 N SUN CITY,MARICOPA,AZ,AZC013,Maricopa,PSR,TRAINED SPOTTER,TREE WITH 8 INCH DIAMETER TRUNK KNOCKED DOWN AND PARTIALLY BLOCKING BEARDSLEY ROAD NEAR 95TH AVE.,33.67,-112.28,False,True,False,
2018-07-09,2018-07-09-085,2018-07-10 00:45,2018-07-09 17:45,O,NON-TSTM WND DMG,,5 W DEER VALLEY,MARICOPA,AZ,AZC013,Maricopa,PSR,TRAINED SPOTTER,LARGE TREE DOWNED. TIME ESTIMATED FROM RADAR.,33.67,-112.2,False,True,False,
2018-07-09,2018-07-09-086,2018-07-10 01:15,2018-07-09 18:15,2,DUST STORM,,3 NE GILA BEND,MARICOPA,AZ,AZC013,Maricopa,PSR,PUBLIC,NEAR ZERO VISIBILITY. REPORT VIA WAZE.,32.98,-112.67,False,True,False,
2018-07-09,2018-07-09-087,2018-07-10 01:42,2018-07-09 18:42,2,DUST STORM,,1 SSE SENTINEL,MARICOPA,AZ,AZC013,Maricopa,PSR,PUBLIC,100 FT VISIBILITY PER SOCIAL MEDIA VIDEO.,32.86,-113.21,False,True,False,
2018-07-09,2018-07-09-088,2018-07-10 01:55,2018-07-09 18:55,2,DUST STORM,,10 NNE GILA BEND,MARICOPA,AZ,AZC013,Maricopa,PSR,TRAINED SPOTTER,100 FT VISIBILITY IN BLOWING DUST.,33.09,-112.65,False,True,False,
2018-07-09,2018-07-09-089,2018-07-10 02:45,2018-07-09 19:45,F,FLASH FLOOD,,7 SW PHOENIX,MARICOPA,AZ,AZC013,Maricopa,PSR,COUNTY OFFICIAL,FLOODED ROADWAYS AROUND 43RD AVE AND BASELINE THROUGH DOBBINS RD.,33.38,-112.15,False,False,False,
2018-07-09,2018-07-09-090,2018-07-10 02:48,2018-07-09 19:48,2,DUST STORM,,3 NE TACNA,YUMA,AZ,AZC027,Yuma,PSR,TRAINED SPOTTER,LESS THAN 100 FT VISIBILITY.,32.72,-113.92,False,False,False,
2018-07-09,2018-07-09-091,2018-07-10 02:52,2018-07-09 19:52,G,TSTM WND GST,62.0,12 NNW TACNA,YUMA,AZ,AZC027,Yuma,PSR,MESONET,,32.86,-114.03,False,False,False,
2018-07-09,2018-07-09-092,2018-07-10 02:58,2018-07-09 19:58,2,DUST STORM,,2 WSW TACNA,YUMA,AZ,AZC027,Yuma,PSR,TRAINED SPOTTER,200 YD VISIBILITY IN DENSE BLOWING DUST.,32.68,-113.98,False,False,False,
2018-07-09,2018-07-09-093,2018-07-10 03:26,2018-07-09 20:26,2,DUST STORM,,1 N FORTUNA FOOTHILLS,YUMA,AZ,AZC027,Yuma,PSR,TRAINED SPOTTER,LESS THAN 100 FT VISIBILITY PER SOCIAL MEDIA VIDEO.,32.67,-114.41,False,False,False,
2018-07-09,2018-07-09-094,2018-07-10 03:44,2018-07-09 20:44,G,TSTM WND GST,51.0,3 SE YUMA,YUMA,AZ,AZC027,Yuma,PSR,ASOS,,32.66,-114.59,False,False,False,
2018-07-09,2018-07-09-095,2018-07-10 03:48,2018-07-09 20:48,G,TSTM WND GST,58.0,11 SSW FORTUNA FOOTHILL,YUMA,AZ,AZC027,Yuma,PSR,AWOS,,32.5,-114.45,False,False,False,
2018-07-09,2018-07-09-096,2018-07-10 03:48,2018-07-09 20:48,F,FLASH FLOOD,,4 E MOBILE,MARICOPA,AZ,AZC013,Maricopa,PSR,DEPT OF HIGHWAYS,HIGHWAY 238 CLOSED DUE TO FLOODING.,33.07,-112.21,False,False,False,
2018-07-09,2018-07-09-097,2018-07-10 04:27,2018-07-09 21:27,G,TSTM WND GST,71.0,4 S MARTINEZ LAKE,IMPERIAL,CA,CAC025,Imperial,PSR,MESONET,,32.91,-114.47,False,False,False,
2018-07-09,2018-07-09-098,2018-07-10 05:00,2018-07-09 22:00,F,FLASH FLOOD,,9 E GILA BEND,MARICOPA,AZ,AZC013,Maricopa,PSR,DEPT OF HIGHWAYS,ENTIRE HIGHWAY 238 NOW CLOSED FROM SR 85 TO COUNTY LINE.,32.97,-112.57,False,False,False,
2018-07-09,2018-07-09-099,2018-07-10 05:15,2018-07-09 22:15,F,FLASH FLOOD,,1 W AK-CHIN VILLAGE,PINAL,AZ,AZC021,Pinal,PSR,LAW ENFORCEMENT,FARRELL ROAD AT VEKOL WASH CLOSED DUE TO FLASH FLOODING. DELAYED REPORT.,33.03,-112.1,False,False,False,
2018-07-09,2018-07-09-100,2018-07-10 21:45,2018-07-10 14:45,2,DUST STORM,,1 NNE CASA GRANDE,PINAL,AZ,AZC021,Pinal,PSR,TRAINED SPOTTER,TRAINED SPOTTER_ 1 MILE WEST OF COOLIDGE_ REPORTS BLOWING DUST WITH VISIBILITIES DOWN TO 1/4 MILE.,32.89,-111.74,False,False,False,
2018-07-09,2018-07-09-101,2018-07-10 22:43,2018-07-10 15:43,2,DUST STORM,,5 NNW CASA GRANDE,PINAL,AZ,AZC021,Pinal,PSR,AWOS,1/2 MILE VISIBILITY AND 38 MPH WINDS.,32.95,-111.77,False,False,False,
2018-07-09,2018-07-09-102,2018-07-10 23:23,2018-07-10 16:23,G,TSTM WND GST,51.0,4 E SUN LAKES,MARICOPA,AZ,AZC013,Maricopa,PSR,TRAINED SPOTTER,SPOTTER MEASURED A WIND GUST OF 51 MILES PER HOUR AT THEIR HOME. SPOTTER ALSO REPORTED VISIBILITY OF APPROXIMATELY 75 TO 100 FEET.,33.22,-111.8,False,False,False,
2018-07-09,2018-07-09-103,2018-07-11 00:15,2018-07-10 17:15,R,HEAVY RAIN,0.5,TEMPE,MARICOPA,AZ,AZC013,Maricopa,PSR,TRAINED SPOTTER,SPOTTER REPORTED RAINFALL OF 0.5 INCHES OVER A PERIOD OF 15 MINUTES AS WELL AS SOME STREET FLOODING.,33.39,-111.93,True,False,False,
2018-07-09,2018-07-09-104,2018-07-11 00:24,2018-07-10 17:24,E,FLOOD,,1 WSW TEMPE,MARICOPA,AZ,AZC013,Maricopa,PSR,TRAINED SPOTTER,SPOTTER DESCRIBES SUFFICIENT WATER ACCUMULATION TO FLOW UP OVER THE CURB AND ONTO THE SIDEWALK ON THE EAST SIDE OF MILL AVENUE.,33.39,-111.94,True,False,False,
2018-07-09,2018-07-09-105,2018-07-11 01:00,2018-07-10 18:00,E,FLOOD,,1 S TEMPE,MARICOPA,AZ,AZC013,Maricopa,PSR,PUBLIC,SPOTTER DESCRIBED WATER COVERING THE STREET AND FLOWING OVER CURBS.,33.37,-111.93,True,False,False,
2018-07-09,2018-07-09-106,2018-07-11 20:20,2018-07-11 13:20,F,FLASH FLOOD,,1 SE GLOBE,GILA,AZ,AZC007,Gila,PSR,EMERGENCY MNGR,SEVERAL LOW WATER CROSSING CLOSED BELOW PINAL BURN SCAR IN SIXSHOOTER CANYON AND KELLNER CANYON. WATER HEAVILY LADEN WITH ASH AS WELL AS DEBRIS.,33.38,-110.77,False,False,False,
2018-07-09,2018-07-09-107,2018-07-11 21:00,2018-07-11 14:00,2,DUST STORM,,2 N COOLIDGE,PINAL,AZ,AZC021,Pinal,PSR,PUBLIC,LESS THAN 1/4 MILE VISIBILITY REPORTED IN COOLIDGE. REPORT VIA TWITTER.,33.0,-111.52,False,False,False,
2018-07-09,2018-07-09-108,2018-07-11 21:30,2018-07-11 14:30,F,FLASH FLOOD,,1 NW QUARTZSITE,LA PAZ,AZ,AZC012,La Paz,PSR,EMERGENCY MNGR,SEVERAL ROADS FLOODED AND CLOSED IN QUARTZSITE INCLUDING MOON MOUNTAIN AVE AND QUAIL TRAIL.,33.68,-114.23,False,False,False,
2018-07-09,2018-07-09-109,2018-07-11 23:19,2018-07-11 16:19,F,FLASH FLOOD,,14 S AK-CHIN VILLAGE,PINAL,AZ,AZC021,Pinal,PSR,PUBLIC,WASH COVERING A ROADWAY WITH LEVELS RISING RAPIDLY NEAR I-8 AND AZ SR 84.,32.83,-112.13,False,False,False,
2018-07-09,2018-07-09-110,2018-07-12 00:30,2018-07-11 17:30,R,HEAVY RAIN,1.0,4 NNE SUN CITY,MARICOPA,AZ,AZC013,Maricopa,PSR,PUBLIC,SPOTTER MEASURED OVER AN INCH OF RAIN OVER A 30 MINUTE PERIOD.,33.67,-112.25,False,False,False,
2018-07-09,2018-07-09-111,2018-07-12 00:44,2018-07-11 17:44,E,FLOOD,,3 E GLENDALE,MARICOPA,AZ,AZC013,Maricopa,PSR,TRAINED SPOTTER,"SPOTTER MEASURED 0.81"" OF RAINFALL IN A 15 MINUTE PERIOD.",33.55,-112.14,True,False,False,
2018-07-09,2018-07-09-112,2018-07-12 00:47,2018-07-11 17:47,F,FLASH FLOOD,,4 NNW AK-CHIN VILLAGE,PINAL,AZ,AZC021,Pinal,PSR,DEPT OF HIGHWAYS,ADOT REPORTS FLOODING ON STATE ROUTE 238_ EW-BOUND FROM MILE POST 40.0_ 4.0 MILES WEST OF SR 347 TO MILE POST 24.0.,33.08,-112.12,False,False,False,
2018-07-09,2018-07-09-113,2018-07-12 00:50,2018-07-11 17:50,D,TSTM WND DMG,,3 ENE GLENDALE,MARICOPA,AZ,AZC013,Maricopa,PSR,FIRE DEPT/RESCUE,**DELAYED REPORT** DOWNBURST OCCURRED OVERHEAD AT A MAJOR GROCERY STORE. FACILITY TOTALLY DESTROYED DUE TO FIRE. LIGHTNING IN THE AREA_ RAINFALL EST. 1 INCH IN 30 MINS_ WINDS EST. 40-60 MPH. OFFICIAL,33.55,-112.13,True,False,False,
2018-07-09,2018-07-09-114,2018-07-12 00:52,2018-07-11 17:52,E,FLOOD,,3 ENE GLENDALE,MARICOPA,AZ,AZC013,Maricopa,PSR,TRAINED SPOTTER,"SPOTTER'S RAIN GAUGE FILLED OVER THE 1"" MARK OVER A 30 MINUTE PERIOD.",33.55,-112.14,True,False,False,
2018-07-09,2018-07-09-115,2018-07-12 00:52,2018-07-11 17:52,R,HEAVY RAIN,1.0,3 ENE GLENDALE,MARICOPA,AZ,AZC013,Maricopa,PSR,TRAINED SPOTTER,"CORRECTS PREVIOUS FLOOD REPORT FROM 3 ENE GLENDALE. SPOTTER'S RAIN GAUGE FILLED OVER THE 1"" MARK OVER A 30 MINUTE PERIOD.",33.55,-112.14,True,False,False,
2018-07-09,2018-07-09-116,2018-07-12 01:28,2018-07-11 18:28,D,TSTM WND DMG,,2 NW WADDELL,MARICOPA,AZ,AZC013,Maricopa,PSR,STORM CHASER,STORM CHASER REPORTS MULTIPLE TREES DOWN NEAR THE INTERSECTION OF BELL ROAD AND THE 303.,33.64,-112.42,False,False,False,
2018-07-09,2018-07-09-117,2018-07-12 01:30,2018-07-11 18:30,R,HEAVY RAIN,0.77,4 NNE GLOBE,GILA,AZ,AZC007,Gila,PSR,TRAINED SPOTTER,SPOTTER REPORTED A MEASURED 0.77 INCHES OF RAIN OVER A 30 MINUTE PERIOD.,33.45,-110.77,False,False,False,
2018-07-09,2018-07-09-118,2018-07-12 02:15,2018-07-11 19:15,F,FLASH FLOOD,,1 SE WICKENBURG,MARICOPA,AZ,AZC013,Maricopa,PSR,EMERGENCY MNGR,"CORRECTS PREVIOUS HEAVY RAIN REPORT FROM 1 SE WICKENBURG. THE ""EVENT TYPE"" SHOULD HAVE BEEN FLASH FLOOD INSTEAD OF HEAVY RAIN. THE FLOOD CONTROL DISTRICT OF MARICOPA COUNTY HAS ANNOUNCED THAT UPWARDS",33.96,-112.72,False,False,False,
2018-07-09,2018-07-09-119,2018-07-12 02:15,2018-07-11 19:15,R,HEAVY RAIN,1.0,1 SE WICKENBURG,MARICOPA,AZ,AZC013,Maricopa,PSR,EMERGENCY MNGR,"THE FLOOD CONTROL DISTRICT OF MARICOPA COUNTY HAS ANNOUNCED THAT UPWARDS OF 1"" OF RAIN HAS FALLEN IN THE AREA OVER THE PAST 45-60 MINUTES. FLASH FLOODING IS IMMINENT OR ALREADY OCCURRING WITHIN CALAM",33.96,-112.72,False,False,False,
2018-07-09,2018-07-09-120,2018-07-12 02:51,2018-07-11 19:51,E,FLOOD,,3 NW AK-CHIN VILLAGE,PINAL,AZ,AZC021,Pinal,PSR,TRAINED SPOTTER,SPOTTER/LEO REPORTING FLOODING OCCURRING NEAR RALSTON ROAD AND VEKOL WASH.,33.05,-112.12,False,False,False,
2018-07-09,2018-07-09-121,2018-07-12 06:00,2018-07-11 23:00,F,FLASH FLOOD,,9 NNE CENTENNIAL,MARICOPA,AZ,AZC013,Maricopa,PSR,DEPT OF HIGHWAYS,EAGLE EYE ROAD CLOSED DUE TO TIGER WASH FLOWING. DEPTH OF FLOW AT ROAD ESTIMATED AT GREATER THAN 2 FEET DEEP. TIMING AND DEPTH OF FLOW ESTIMATED FROM MARICOPA COUNTY FLOOD CONTROL STREAM GAGE. DELAYE,33.7,-113.3,False,False,False,
2018-07-09,2018-07-09-122,2018-07-12 07:30,2018-07-12 00:30,F,FLASH FLOOD,,12 NNE TONOPAH,MARICOPA,AZ,AZC013,Maricopa,PSR,MESONET,JACKRABBIT WASH AT WICKENBURG ROAD HAD ONE AND HALF FOOT OF FLOWING WATER OVER IT. DEPTH OF WATER AND TIME ESTIMATED FROM MARICOPA COUNTY FLOOD CONTROL STREAM GAGE. DELAYED REPORT.,33.66,-112.83,False,False,False,
2018-10-02,2018-10-02-001,2018-10-02 14:00,2018-10-02 07:00,F,FLASH FLOOD,,2 N GILA BEND,MARICOPA,AZ,AZC013,Maricopa,PSR,COUNTY OFFICIAL,**DELAYED REPORT** WATERMELON ROAD AND INDIAN ROAD CLOSED DUE TO FLASH FLOODING FROM SAND TANK WASH. TIME APPROXIMATE BASED ON RADAR TRENDS AND INFORMATION FROM COUNTY FLOOD CONTROL DISTRICT.,32.97,-112.72,False,True,False,
2018-10-02,2018-10-02-002,2018-10-02 14:12,2018-10-02 07:12,F,FLASH FLOOD,,3 SW AK-CHIN VILLAGE,PINAL,AZ,AZC021,Pinal,PSR,LAW ENFORCEMENT,SWIFT WATER RESCUE REPORTED AT RALSTON ROAD WHERE IT CROSSES VEKOL WASH.,32.99,-112.12,False,True,False,
2018-10-02,2018-10-02-003,2018-10-02 14:32,2018-10-02 07:32,F,FLASH FLOOD,,5 NE GLENDALE,MARICOPA,AZ,AZC013,Maricopa,PSR,DEPT OF HIGHWAYS,ADOT REPORTS A ROAD CLOSURE AT I-17 AND PEORIA: UNDERPASS IS FLOODING.,33.58,-112.12,True,True,True,
2018-10-02,2018-10-02-004,2018-10-02 14:34,2018-10-02 07:34,F,FLASH FLOOD,,1 ENE MARICOPA,PINAL,AZ,AZC021,Pinal,PSR,EMERGENCY MNGR,CITY OF MARICOPA REPORTED EL DORADO LOOP NEAR SOUTH RANCHO CLOSED DUE TO FLOODING.,33.07,-112.03,False,True,False,
2018-10-02,2018-10-02-005,2018-10-02 14:41,2018-10-02 07:41,F,FLASH FLOOD,,1 SW SURPRISE,MARICOPA,AZ,AZC013,Maricopa,PSR,TRAINED SPOTTER,STORM SPOTTER MAA11299 REPORTS MAJOR STREET FLOODING ON BELL RD & LITCHFIELD RD IN SURPRISE.,33.64,-112.36,False,True,False,
2018-10-02,2018-10-02-006,2018-10-02 15:00,2018-10-02 08:00,F,FLASH FLOOD,,8 ESE BUCKEYE,MARICOPA,AZ,AZC013,Maricopa,PSR,COUNTY OFFICIAL,RAINBOW VALLEY ELEMENTARY SCHOOL CLOSED DUE TO FLASH FLOODING.,33.33,-112.47,False,True,False,
2018-10-02,2018-10-02-007,2018-10-02 15:00,2018-10-02 08:00,F,FLASH FLOOD,,2 NW TOLLESON,MARICOPA,AZ,AZC013,Maricopa,PSR,COUNTY OFFICIAL,RIO VISTA ELEMENTARY SCHOOL CLOSED DUE TO FLASH FLOODING.,33.47,-112.28,False,True,False,
2018-10-02,2018-10-02-008,2018-10-02 15:06,2018-10-02 08:06,F,FLASH FLOOD,,3 NNE TOLLESON,MARICOPA,AZ,AZC013,Maricopa,PSR,BROADCAST MEDIA,DESERT HORIZON ELEMENTARY SCHOOL CLOSED DUE TO SEVERE FLOODING. SCHOOL IS LOCATED NEAR 83RD AVENUE AND INDIAN SCHOOL ROAD.,33.49,-112.24,True,True,True,
2018-10-02,2018-10-02-009,2018-10-02 15:30,2018-10-02 08:30,F,FLASH FLOOD,,1 ESE SCOTTSDALE,MARICOPA,AZ,AZC013,Maricopa,PSR,EMERGENCY MNGR,CITY OF SCOTTSDALE REPORTED ALL UNBRIDGED CROSSINGS OF INDIAN BEND WASH CLOSED DUE TO FLOODING.,33.49,-111.91,False,True,False,
2018-10-02,2018-10-02-010,2018-10-02 15:35,2018-10-02 08:35,F,FLASH FLOOD,,3 SSE MARICOPA,PINAL,AZ,AZC021,Pinal,PSR,EMERGENCY MNGR,CITY OF MARICOPA REPORTED PORTER ROAD CLOSED NEAR FARRELL ROAD DUE TO FLOODING.,33.03,-112.01,False,True,False,
2018-10-02,2018-10-02-011,2018-10-02 16:00,2018-10-02 09:00,F,FLASH FLOOD,,2 ENE PARADISE VALLEY,MARICOPA,AZ,AZC013,Maricopa,PSR,EMERGENCY MNGR,CITY OF SCOTTSDALE REPORTED MCCORMICK PARKWAY CLOSED BETWEEN SCOTTSDALE AND HAYDEN ROADS DUE TO FLOODING.,33.55,-111.91,False,True,False,
2018-10-02,2018-10-02-012,2018-10-02 16:02,2018-10-02 09:02,F,FLASH FLOOD,,15 SSW BUCKEYE,MARICOPA,AZ,AZC013,Maricopa,PSR,DEPT OF HIGHWAYS,MCDOT REPORTS OLD US 80 AND PATTERSON ROAD IMPASSABLE DUE TO FLOODING. VIA TWITTER.,33.19,-112.7,False,True,False,
2018-10-02,2018-10-02-013,2018-10-02 16:07,2018-10-02 09:07,F,FLASH FLOOD,,2 ESE MARICOPA,PINAL,AZ,AZC021,Pinal,PSR,EMERGENCY MNGR,CITY OF MARICOPA REPORTED HONEYCUTT ROAD CLOSED BETWEEN PORTER RD AND WHITE AND PARKER RD DUE TO FLOODING.,33.06,-112.0,False,True,False,
2018-10-02,2018-10-02-014,2018-10-02 16:29,2018-10-02 09:29,F,FLASH FLOOD,,6 N DEER VALLEY,MARICOPA,AZ,AZC013,Maricopa,PSR,DEPT OF HIGHWAYS,CITY OF PHOENIX REPORTS NORTH VALLEY PARKWAY CLOSED BETWEEN DIXILETA DR AND SONORAN DESERT DR DUE TO FLOODING.,33.76,-112.11,False,True,False,
2018-10-02,2018-10-02-015,2018-10-02 16:30,2018-10-02 09:30,F,FLASH FLOOD,,8 SE BUCKEYE,MARICOPA,AZ,AZC013,Maricopa,PSR,EMERGENCY MNGR,TUTHILL RD CLOSED DUE TO FLOODING. REPORT BASED ON FCD DATA AND SOCIAL MEDIA REPORTS.,33.3,-112.49,False,True,False,
2018-10-02,2018-10-02-016,2018-10-02 16:30,2018-10-02 09:30,F,FLASH FLOOD,,3 SSE DEER VALLEY,MARICOPA,AZ,AZC013,Maricopa,PSR,BROADCAST MEDIA,CAR SUBMERGED IN FLOODED WASH_ DRIVER RESCUED BY PHOENIX FD.,33.63,-112.08,True,True,True,
2018-10-02,2018-10-02-017,2018-10-02 16:50,2018-10-02 09:50,F,FLASH FLOOD,,11 SSE AK-CHIN VILLAGE,PINAL,AZ,AZC021,Pinal,PSR,FIRE DEPT/RESCUE,POLICE DEPARTMENT SAYS WATER RESCUE GOING ON NEAR MEADOWVIEW RD AND 347.,32.88,-112.05,False,True,False,
2018-10-02,2018-10-02-018,2018-10-02 17:04,2018-10-02 10:04,F,FLASH FLOOD,,2 WNW GOODYEAR,MARICOPA,AZ,AZC013,Maricopa,PSR,EMERGENCY MNGR,CITRUS RD CLOSED BETWEEN VAN BUREN ST AND ROOSEVELT ST DUE TO FLOODING. REPORTED BY CITY OF GOODYEAR. TIME ESTIMATED.,33.45,-112.44,False,True,False,
2018-10-02,2018-10-02-019,2018-10-02 17:15,2018-10-02 10:15,F,FLASH FLOOD,,4 S GUADALUPE,MARICOPA,AZ,AZC013,Maricopa,PSR,EMERGENCY MNGR,PHOENIX PD REPORTS CHANDLER BLVD AND 51ST ST CLOSED DUE TO FLOODING.,33.31,-111.98,False,True,False,
2018-10-02,2018-10-02-020,2018-10-02 17:15,2018-10-02 10:15,F,FLASH FLOOD,,5 S PHOENIX,MARICOPA,AZ,AZC013,Maricopa,PSR,EMERGENCY MNGR,PHOENIX PD REPORTS BASELINE RD AT 7TH ST CLOSED DUE TO FLOODING.,33.38,-112.06,True,True,True,
2018-10-02,2018-10-02-021,2018-10-02 17:16,2018-10-02 10:16,F,FLASH FLOOD,,2 W PARADISE VALLEY,MARICOPA,AZ,AZC013,Maricopa,PSR,EMERGENCY MNGR,CITY OF PARADISE VALLEY REPORTS NUMEROUS STREET CLOSURES DUE TO FLOODING.,33.53,-111.98,True,True,True,
2018-10-02,2018-10-02-022,2018-10-02 17:18,2018-10-02 10:18,F,FLASH FLOOD,,2 NW PHOENIX,MARICOPA,AZ,AZC013,Maricopa,PSR,BROADCAST MEDIA,MEDIA REPORT 19TH AVE & MCDOWELL CLOSED IN BOTH DIRECTIONS DUE TO FLOODING. TWO CARS STUCK IN THE WATER.,33.47,-112.1,True,True,True,
2018-10-02,2018-10-02-023,2018-10-02 17:32,2018-10-02 10:32,F,FLASH FLOOD,,5 NNW AHWATUKEE FOOTHIL,MARICOPA,AZ,AZC013,Maricopa,PSR,EMERGENCY MNGR,CITY OF PHOENIX REPORTS 19TH AVE CLOSED BETWEEN DOBBINS RD AND SOUTH MOUNTAIN AVE DUE TO FLOODING.,33.37,-112.1,True,True,False,
2018-10-02,2018-10-02-024,2018-10-02 18:05,2018-10-02 11:05,F,FLASH FLOOD,,5 NNW PARADISE VALLEY,MARICOPA,AZ,AZC013,Maricopa,PSR,BROADCAST MEDIA,NUMEROUS VEHICLES STRANDED ON TATUM BETWEEN SHEA AND CACTUS REQUIRING PEOPLE TO BE RESCUED.,33.59,-111.98,True,True,True,
2018-10-02,2018-10-02-025,2018-10-02 18:08,2018-10-02 11:08,R,HEAVY RAIN,2.03,3 ESE DEER VALLEY,MARICOPA,AZ,AZC013,Maricopa,PSR,TRAINED SPOTTER,STORM TOTAL RAINFALL.,33.65,-112.07,True,True,False,
2018-10-02,2018-10-02-026,2018-10-02 19:54,2018-10-02 12:54,R,HEAVY RAIN,2.6,3 WNW GUADALUPE,MARICOPA,AZ,AZC013,Maricopa,PSR,TRAINED SPOTTER,STORM TOTAL.,33.38,-112.01,True,True,False,
2018-10-02,2018-10-02-027,2018-10-02 20:00,2018-10-02 13:00,F,FLASH FLOOD,,6 ESE BUCKEYE,MARICOPA,AZ,AZC013,Maricopa,PSR,PUBLIC,**DELAYED REPORT....DRONE FOOTAGE SHOWING WATER FROM WATERMAN WASH INUNDATING NARRAMORE ROAD.,33.33,-112.51,False,True,False,
2018-10-02,2018-10-02-028,2018-10-02 20:15,2018-10-02 13:15,E,FLOOD,,1 E AVONDALE,MARICOPA,AZ,AZC013,Maricopa,PSR,EMERGENCY MNGR,LOWER BUCKEYE RD CLOSED AT THE AGUA FRIA RIVER DUE TO FLOODING.,33.44,-112.33,False,True,False,
2018-10-02,2018-10-02-029,2018-10-02 20:33,2018-10-02 13:33,F,FLASH FLOOD,,2 SSE SCOTTSDALE,MARICOPA,AZ,AZC013,Maricopa,PSR,BROADCAST MEDIA,WATER RESCUE NEAR MILLER AND MCDOWELL ROADS IN SCOTTSDALE.,33.47,-111.92,False,True,False,
2018-10-02,2018-10-02-030,2018-10-02 21:15,2018-10-02 14:15,E,FLOOD,,3 SW AK-CHIN VILLAGE,PINAL,AZ,AZC021,Pinal,PSR,EMERGENCY MNGR,**DELAYED REPORT** 20 HOMES SURROUNDED BY WATER AND WATER INSIDE AT LEAST ONE HOME NEAR PETERS AND NALL ROAD. CAUSE OF FLOODING WAS VEKOL WASH FLOWING INTO THE CANAL AND CANAL BREACHED.,33.0,-112.12,False,True,False,
2018-10-02,2018-10-02-031,2018-10-02 21:35,2018-10-02 14:35,E,FLOOD,,5 NE GLENDALE,MARICOPA,AZ,AZC013,Maricopa,PSR,NEWSPAPER,**DELAYED REPORT** SINK HOLE AT THE INTERSECTION OF 35TH AVE/CACTUS. INTERSECTION CLOSED.,33.6,-112.13,True,True,True,
2018-10-02,2018-10-02-032,2018-10-03 00:58,2018-10-02 17:58,R,HEAVY RAIN,0.91,5 W NORTH SCOTTSDALE,MARICOPA,AZ,AZC013,Maricopa,PSR,PUBLIC,0.91 INCH OF RAIN BETWEEN 5:58 PM AND 6:28 PM_.,33.62,-111.98,True,True,False,
2018-10-02,2018-10-02-033,2018-10-03 01:20,2018-10-02 18:20,F,FLASH FLOOD,,7 NW PARADISE VALLEY,MARICOPA,AZ,AZC013,Maricopa,PSR,TRAINED SPOTTER,WATER OVER THE CURBS ON CACTUS ROAD BETWEEN CAVE CREEK RD. AND 28TH ST.,33.6,-112.03,True,True,True,
2018-10-02,2018-10-02-034,2018-10-03 01:25,2018-10-02 18:25,F,FLASH FLOOD,,6 ESE DEER VALLEY,MARICOPA,AZ,AZC013,Maricopa,PSR,TRAINED SPOTTER,CURB-TO-CURB STREET FLOODING.,33.64,-112.01,True,True,True,
2018-10-02,2018-10-02-035,2018-10-03 01:30,2018-10-02 18:30,F,FLASH FLOOD,,7 W NORTH SCOTTSDALE,MARICOPA,AZ,AZC013,Maricopa,PSR,BROADCAST MEDIA,FLOODING ON SR 51 AT THUNDERBIRD RD. CLOSES 3 LANES.,33.61,-112.01,True,True,True,
2018-10-02,2018-10-02-036,2018-10-03 01:31,2018-10-02 18:31,R,HEAVY RAIN,0.53,6 ESE DEER VALLEY,MARICOPA,AZ,AZC013,Maricopa,PSR,PUBLIC,0.53 INCH OF RAIN IN 30 MINUTES. TOTAL RAIN FOR THE DAY 2.10 INCHES.,33.64,-112.01,True,True,False,
2018-10-02,2018-10-02-037,2018-10-03 01:42,2018-10-02 18:42,R,HEAVY RAIN,1.0,5 E DEER VALLEY,MARICOPA,AZ,AZC013,Maricopa,PSR,PUBLIC,1.00 INCH OF RAIN IN 30 MINUTES.,33.65,-112.03,True,True,False,
2018-10-02,2018-10-02-038,2018-10-03 02:22,2018-10-02 19:22,F,FLASH FLOOD,,2 E FOUNTAIN HILLS,MARICOPA,AZ,AZC013,Maricopa,PSR,PUBLIC,SOCIAL MEDIA PICTURES OF ROAD COMPLETELY INUNDATED BY RUNNING WATER AND NOT PASSABLE.,33.61,-111.7,False,True,False,
2018-10-02,2018-10-02-039,2018-10-03 05:10,2018-10-02 22:10,R,HEAVY RAIN,2.1,3 SSW DEER VALLEY,MARICOPA,AZ,AZC013,Maricopa,PSR,TRAINED SPOTTER,2.10 INCH OF RAIN LAST 24 HOURS.,33.63,-112.14,True,True,False,
2021-07-22,2021-07-22-001,2021-07-20 23:46,2021-07-20 16:46,G,TSTM WND GST,56.0,4 SW VICKSBURG,LA PAZ,AZ,AZC012,La Paz,PSR,MESONET,MESONET STATION EW4845 SALOME.,33.71,-113.81,False,False,False,
2021-07-22,2021-07-22-002,2021-07-21 22:57,2021-07-21 15:57,H,HAIL,0.25,AVONDALE,MARICOPA,AZ,AZC013,Maricopa,PSR,PUBLIC,*** DELAYED REPORT *** PEA-SIZED HAIL WITH WIND GUSTS ESTIMATED TO 35-40 MPH.,33.44,-112.36,False,False,False,
2021-07-22,2021-07-22-003,2021-07-21 23:00,2021-07-21 16:00,D,TSTM WND DMG,,TACNA,YUMA,AZ,AZC027,Yuma,PSR,PUBLIC,PUBLIC REPORT AND PHOTOGRAPHS INDICATE DAMAGE TO MULTIPLE BUILDINGS_ INCLUDING HOMES AND A GAS STATION_ AND ELECTRIC VEHICLE CHARGING STATIONS. SEMI BLOWN OFF INTERSTATE. BLOCK WALL BLOWN OVER.,32.69,-113.95,False,False,False,
2021-07-22,2021-07-22-004,2021-07-21 23:37,2021-07-21 16:37,F,FLASH FLOOD,,WICKENBURG,MARICOPA,AZ,AZC013,Maricopa,PSR,FIRE DEPT/RESCUE,DELAYED REPORT. POWDER HOUSE WASH FLOODED THE INTERSECTION OF JACK BURDEN RD. AND CONSTELLATION RD REQUIRING SAND AND DEBRIS REMOVAL THE NEXT DAY BY PUBLIC WORKS. TIME ESTIMATED BASED ON UPSTREAM GAU,33.97,-112.73,False,False,False,
2021-07-22,2021-07-22-005,2021-07-21 23:44,2021-07-21 16:44,N,NON-TSTM WND GST,52.0,7 NNE CENTENNIAL,MARICOPA,AZ,AZC013,Maricopa,PSR,MESONET,MESONET STATION MATW 7.4 N CENTENNIAL (AZ ALERT).,33.67,-113.31,False,False,False,
2021-07-22,2021-07-22-006,2021-07-21 23:47,2021-07-21 16:47,R,HEAVY RAIN,2.09,2 ENE WICKENBURG,MARICOPA,AZ,AZC013,Maricopa,PSR,MESONET,FCDMC CONSTELLATION ROAD RAIN GAUGE REPORTS 2.09 INCHES OF RAIN FROM 3:57 PM MST TO 4:51 PM MST .,33.98,-112.7,False,False,False,
2021-07-22,2021-07-22-007,2021-07-22 01:00,2021-07-21 18:00,F,FLASH FLOOD,,3 SE WICKENBURG,MARICOPA,AZ,AZC013,Maricopa,PSR,PARK/FOREST SRVC,**DELAYED REPORT** THE HASSAYAMPA RIVER PRESERVE REPORTED CLOSURE OF SEVERAL TRAILS DUE TO FLOOD WATER/DEBRIS WITH A SUDDEN RISE IN THE HASSAYAMPA RIVER. TRAILS WILL BE CLOSED THROUGH THE WEEKEND.,33.93,-112.7,False,False,False,
2021-07-22,2021-07-22-008,2021-07-22 05:30,2021-07-21 22:30,H,HAIL,0.5,3 W SCOTTSDALE,MARICOPA,AZ,AZC013,Maricopa,PSR,PUBLIC,*** DELAYED REPORT *** SOCIAL MEDIA POST SHOWS HANDFUL OF HAIL WITH SIZE ESTIMATED FROM VIDEO NEAR EAST INDIAN SCHOOL RD. AND NORTH 50TH ST.,33.49,-111.97,True,False,False,
2021-07-22,2021-07-22-009,2021-07-22 05:30,2021-07-21 22:30,H,HAIL,0.5,2 WSW SCOTTSDALE,MARICOPA,AZ,AZC013,Maricopa,PSR,PUBLIC,*** DELAYED REPORT *** RESPONSE TO SOCIAL MEDIA POST REPORTED HAIL AT NORTH 56TH ST. AND EAST OSBORN RD.,33.49,-111.96,True,False,False,
2021-07-22,2021-07-22-010,2021-07-22 05:30,2021-07-21 22:30,H,HAIL,0.5,2 SW PARADISE VALLEY,MARICOPA,AZ,AZC013,Maricopa,PSR,PUBLIC,*** DELAYED REPORT *** SOCIAL MEDIA POST SHOWS ACCUMULATING HAIL ALONG NORTH 53RD ST. BETWEEN EAST PALOMINO RD. AND EAST WONDERVIEW RD. WITH SIZES ESTIMATED TO BE SIMILAR TO NEARBY REPORTS.,33.51,-111.97,True,False,False,
2021-07-22,2021-07-22-011,2021-07-23 01:25,2021-07-22 18:25,F,FLASH FLOOD,,5 N SALTON CITY,IMPERIAL,CA,CAC025,Imperial,PSR,LAW ENFORCEMENT,CHP REPORTS FLOODING ON NILE JNO ATLANTIC//WILL NEED POSS CLOSURE.,33.33,-115.96,False,False,False,
2021-07-22,2021-07-22-012,2021-07-23 02:55,2021-07-22 19:55,R,HEAVY RAIN,0.5,5 NNE ARIZONA CITY,PINAL,AZ,AZC021,Pinal,PSR,CO-OP OBSERVER,0.50 INCH OF RAIN IN 25 MINUTES. WIND GUST ESTIMATED TO 45 MPH.,32.81,-111.63,False,False,False,
2021-07-22,2021-07-22-013,2021-07-23 04:07,2021-07-22 21:07,F,FLASH FLOOD,,4 N ARIZONA CITY,PINAL,AZ,AZC021,Pinal,PSR,PUBLIC,***DELAYED REPORT*** FLASH FLOODING REPORTED NEAR TRUCK STOP AT SUNLAND GIN RD. AND I-10. WATER WAS A COUPLE FEET DEEP IN SPOTS.,32.81,-111.67,False,True,False,
2021-07-22,2021-07-22-014,2021-07-23 04:10,2021-07-22 21:10,D,TSTM WND DMG,,1 S SCOTTSDALE,MARICOPA,AZ,AZC013,Maricopa,PSR,BROADCAST MEDIA,***DELAYED REPORT*** REPORTS OF NUMEROUS TREES DOWN NEAR OLD TOWN SCOTTSDALE AND NEAR MCCORMICK RANCH FROM THUNDERSTORM WIND GUSTS. SOME STRUCTURAL DAMAGE WAS ALSO REPORTED_ INCLUDING TO ROOFS AND A,33.48,-111.93,False,True,False,
2021-07-22,2021-07-22-015,2021-07-23 04:10,2021-07-22 21:10,R,HEAVY RAIN,0.75,3 WSW FOUNTAIN HILLS,MARICOPA,AZ,AZC013,Maricopa,PSR,PUBLIC,OBSERVED IN 30 MINUTES. ESTIMATED WINDS 50 MPH.,33.59,-111.8,False,True,False,
2021-07-22,2021-07-22-016,2021-07-23 04:21,2021-07-22 21:21,R,HEAVY RAIN,0.5,6 NE SURPRISE,MARICOPA,AZ,AZC013,Maricopa,PSR,PUBLIC,MEASURED IN 15 MINS.,33.71,-112.28,False,True,False,
2021-07-22,2021-07-22-017,2021-07-23 04:24,2021-07-22 21:24,F,FLASH FLOOD,,1 ESE PARADISE VALLEY,MARICOPA,AZ,AZC013,Maricopa,PSR,TRAINED SPOTTER,CURB TO CURB STREET FLOODING REPORTED.,33.53,-111.92,False,True,False,
2021-07-22,2021-07-22-018,2021-07-23 04:30,2021-07-22 21:30,H,HAIL,0.25,1 NNE SCOTTSDALE,MARICOPA,AZ,AZC013,Maricopa,PSR,TRAINED SPOTTER,PEA-SIZED HAIL 76TH & CHAPPARAL.,33.51,-111.92,False,True,False,
2021-07-22,2021-07-22-019,2021-07-23 04:30,2021-07-22 21:30,L,LIGHTNING,,7 WNW PARADISE VALLEY,MARICOPA,AZ,AZC013,Maricopa,PSR,BROADCAST MEDIA,***DELAYED REPORT*** LIGHTNING STRUCK A HOUSE_ SPARKING A FIRE IN THE ATTIC. TIME ESTIMATED FROM RADAR.,33.55,-112.06,True,True,False,
2021-07-22,2021-07-22-020,2021-07-23 04:50,2021-07-22 21:50,N,NON-TSTM WND GST,54.0,1 SE PHOENIX MESA GATEW,MARICOPA,AZ,AZC013,Maricopa,PSR,AWOS,AWOS STATION KIWA MESA GATEWAY AIRPORT.,33.3,-111.65,False,True,False,
2021-07-22,2021-07-22-021,2021-07-23 05:00,2021-07-22 22:00,F,FLASH FLOOD,,1 SE SCOTTSDALE,MARICOPA,AZ,AZC013,Maricopa,PSR,PUBLIC,TIM APPROX: MEDIA REPORTED A VEHICLE STUCK IN FLOWING WATER ON A SUBMERGED ROAD. DRIVER WAS RESCUED BY FIRE DEPARTMENT.,33.49,-111.91,False,True,False,
2021-07-22,2021-07-22-022,2021-07-23 05:14,2021-07-22 22:14,F,FLASH FLOOD,,4 S DEER VALLEY,MARICOPA,AZ,AZC013,Maricopa,PSR,DEPT OF HIGHWAYS,VEHICLE TRAPPED IN FLOOD WATER AT I17/THUNDERBIRD. PORTIONS OF THE ROAD AND HIGHWAY WERE CLOSED DUE TO FLOODING.,33.61,-112.12,True,True,True,
2021-07-22,2021-07-22-023,2021-07-23 05:21,2021-07-22 22:21,F,FLASH FLOOD,,3 S DEER VALLEY,MARICOPA,AZ,AZC013,Maricopa,PSR,DEPT OF HIGHWAYS,ADOT REPORTED HIGHWAY RAMPS AT I17/GREENWAY WERE COMPLETELY UNDERWATER.,33.63,-112.12,True,True,True,
2021-07-22,2021-07-22-024,2021-07-23 05:30,2021-07-22 22:30,F,FLASH FLOOD,,1 ENE SCOTTSDALE,MARICOPA,AZ,AZC013,Maricopa,PSR,PUBLIC,NUMEROUS REPORTS OF SWIFT RUNNING WATER INUNDATING MANY PLACES ALONG INDIAN BEND WASH. PICTURES SHOW WATER DEPTH AT LEAST 6 INCHES IN MANY SPOTS.,33.5,-111.91,False,True,False,
2021-07-22,2021-07-22-025,2021-07-23 07:00,2021-07-23 00:00,F,FLASH FLOOD,,8 NNE GLOBE,GILA,AZ,AZC007,Gila,PSR,PARK/FOREST SRVC,CORRECTS PREVIOUS FLASH FLOOD REPORT FROM 8 NNE GLOBE DUE TO INCORRECT TIME STAMP. *** DELAYED REPORT *** AT LEAST FIVE FEET OF FLOODING REPORTED TO MILL CREEK DRAINAGE NEAR FOREST ROAD 225. CREEK WA,33.5,-110.72,False,True,False,
2021-07-22,2021-07-22-026,2021-07-23 07:15,2021-07-23 00:15,F,FLASH FLOOD,,4 NW ROOSEVELT,GILA,AZ,AZC007,Gila,PSR,DEPT OF HIGHWAYS,*** DELAYED REPORT *** AZDOT REPORTS A ROAD CLOSURE DUE TO DEBRIS FROM AN OVERTOPPED DRAINAGE CUT FEATURE DUE TO FLOODING BETWEEN MP 246 AND 253 ON HWY. 188.,33.7,-111.19,False,True,False,
2021-07-22,2021-07-22-027,2021-07-23 09:00,2021-07-23 02:00,F,FLASH FLOOD,,1 SW MIAMI,GILA,AZ,AZC007,Gila,PSR,EMERGENCY MNGR,**DELAYED REPORT** MACKEY CAMP ROAD BRIDGE WASHED OUT DUE TO RAPID RISE OF WATER ALONG BLOODY TANKS WASH. RAINFALL OVER TELEGRAPH FIRE BURN SCAR. TIME ESTIMATED BASED ON RAIN GAGE UPSTREAM IN BLOODY,33.39,-110.89,False,True,False,
2021-07-22,2021-07-22-028,2021-07-23 17:45,2021-07-23 10:45,R,HEAVY RAIN,0.5,9 N FOUNTAIN HILLS,MARICOPA,AZ,AZC013,Maricopa,PSR,TRAINED SPOTTER,RAINFALL AMOUNT MEASURED IN 10 MINUTES WITH 90 MINUTE TOTAL OF ABOUT 1 INCH. WASHES WERE REPORTED TO BE RUNNING NEAR RIO VERDE DR.,33.74,-111.76,False,True,False,
2021-07-22,2021-07-22-029,2021-07-23 17:54,2021-07-23 10:54,F,FLASH FLOOD,,8 NNE GLOBE,GILA,AZ,AZC007,Gila,PSR,PARK/FOREST SRVC,*** DELAYED REPORT *** AT LEAST FIVE FEET OF FLOODING REPORTED TO MILL CREEK DRAINAGE NEAR FOREST ROAD 225. CREEK WAS STILL RISING AS PERSON LEFT SCENE NEAR MIDNIGHT.,33.5,-110.72,False,True,False,
2021-07-22,2021-07-22-030,2021-07-23 18:11,2021-07-23 11:11,F,FLASH FLOOD,,1 NE FOUNTAIN HILLS,MARICOPA,AZ,AZC013,Maricopa,PSR,TRAINED SPOTTER,VIDEO SHOWS ASHBROOK WASH WITH FLOWING WATER NEAR SAGUARO BLVD. AND FOUNTAIN HILLS BLVD.,33.61,-111.73,False,True,False,
2021-07-22,2021-07-22-031,2021-07-23 19:09,2021-07-23 12:09,F,FLASH FLOOD,,2 ENE FOUNTAIN HILLS,MARICOPA,AZ,AZC013,Maricopa,PSR,BROADCAST MEDIA,VIDEO SHOWS FLOWING WATER FROM ASHBROOK WASH OVERTAKING N. DEL CAMBRE AVE NEAR E. GRANDE BLVD. ROAD IMPASSABLE.,33.62,-111.71,False,True,False,
2021-07-22,2021-07-22-032,2021-07-23 19:11,2021-07-23 12:11,F,FLASH FLOOD,,7 WNW PARADISE VALLEY,MARICOPA,AZ,AZC013,Maricopa,PSR,DEPT OF HIGHWAYS,ROAD CLOSURE DUE TO FLOODING ALONG E HATCHER RD. BETWEEN 11TH ST. AND 11TH PL.,33.57,-112.06,True,True,True,
2021-07-22,2021-07-22-033,2021-07-23 19:43,2021-07-23 12:43,F,FLASH FLOOD,,3 E NEW RIVER,MARICOPA,AZ,AZC013,Maricopa,PSR,FIRE DEPT/RESCUE,DELAYED REPORT. TWO PEOPLE WERE RESCUED BY HELICOPTER FROM THEIR FLOODED HOME IN NEW RIVER NEAR CENTRAL AVE. AND MINGUS RD.,33.93,-112.07,False,True,False,
2021-07-22,2021-07-22-034,2021-07-23 19:50,2021-07-23 12:50,F,FLASH FLOOD,,4 ESE NEW RIVER,MARICOPA,AZ,AZC013,Maricopa,PSR,MESONET,FCDMC CLINE CREEK #66007 EXCEEDED ALARM STAGE AND IS NEARING BANK FULL NEAR N. 12TH STREET AND E. JENNY LIN RD.,33.9,-112.06,False,True,False,
2021-07-22,2021-07-22-035,2021-07-23 20:35,2021-07-23 13:35,F,FLASH FLOOD,,10 NNE FOUNTAIN HILLS,MARICOPA,AZ,AZC013,Maricopa,PSR,DEPT OF HIGHWAYS,NEEDLEROCK RD. NORTH OF RIO VERDE DR. CLOSED DUE TO FLOODING.,33.74,-111.67,False,True,False,
2021-07-22,2021-07-22-036,2021-07-23 20:35,2021-07-23 13:35,F,FLASH FLOOD,,6 W CAVE CREEK,MARICOPA,AZ,AZC013,Maricopa,PSR,LAW ENFORCEMENT,DELAYED REPORT. TWO MEN WERE RESCUED BY MCSO HELICOPTER FROM THE TOP OF THEIR STRANDED FOOD DELIVERY TRUCK WHICH WAS STUCK IN A FLOODED WASH ON CLOUD ROAD NEAR 7TH ST.,33.81,-112.06,False,True,False,
2021-07-22,2021-07-22-037,2021-07-23 21:00,2021-07-23 14:00,F,FLASH FLOOD,,3 E NEW RIVER,MARICOPA,AZ,AZC013,Maricopa,PSR,PUBLIC,VIDEO POSTED TO SOCIAL MEDIA SHOWS SUV BEING CARRIED DOWN RUNNING WASH IN FLOWING WATER.,33.93,-112.08,False,True,False,
2021-07-22,2021-07-22-038,2021-07-23 21:23,2021-07-23 14:23,F,FLASH FLOOD,,6 WSW CAVE CREEK,MARICOPA,AZ,AZC013,Maricopa,PSR,PUBLIC,ONE VEHICLE REPORTED STRANDED WITH RESCUE REQUIRED BY LAW ENFORCEMENT OFF CAREFREE HWY. AND N. 12TH ST. DUE TO FLOWING WATER ON N. 12TH ST.,33.8,-112.06,False,True,False,
2021-07-22,2021-07-22-039,2021-07-23 21:23,2021-07-23 14:23,F,FLASH FLOOD,,6 WSW CAVE CREEK,MARICOPA,AZ,AZC013,Maricopa,PSR,PUBLIC,SOCIAL MEDIA POST SHOWS FLOWING WATER ACROSS 10TH ST. JUST SOUTH OF CAREFREE HWY. NEAR EAST FORK DESERT LAKE WASH.,33.8,-112.06,False,True,False,2021-07-22-038
2021-07-22,2021-07-22-040,2021-07-23 21:23,2021-07-23 14:23,F,FLASH FLOOD,,6 SSE NEW RIVER,MARICOPA,AZ,AZC013,Maricopa,PSR,PUBLIC,FCDMC GAUGE 64807 SKUNK CREEK ALONG DESERT HILLS DR. AND CLOSE TO N. 15TH AVE. EXCEEDED ALARM STAGE AND BANK FULL STAGE.,33.84,-112.09,False,True,False,
2021-07-22,2021-07-22-041,2021-07-23 22:45,2021-07-23 15:45,F,FLASH FLOOD,,9 NE CAREFREE,MARICOPA,AZ,AZC013,Maricopa,PSR,PARK/FOREST SRVC,** DELAYED REPORT *** USFS REPORTS A 4 FOOT INCREASE OF CAMP CREEK WITH FLOW ORIGINATING FROM THE SEARS BURN SCAR.,33.91,-111.82,False,True,False,
2021-07-22,2021-07-22-042,2021-07-23 23:20,2021-07-23 16:20,F,FLASH FLOOD,,8 N DEER VALLEY,MARICOPA,AZ,AZC013,Maricopa,PSR,PUBLIC,PICTURE FROM SOCIAL MEDIA SHOWS W. DOVE VALLEY RD. CLOSED DUE TO FLOWING WATER AND DEBRIS ON THE ROAD BETWEEN I-17 AND N. VALLEY PKWY.,33.78,-112.12,False,True,False,
2021-07-22,2021-07-22-043,2021-07-23 23:29,2021-07-23 16:29,F,FLASH FLOOD,,1 NNW NEW RIVER,MARICOPA,AZ,AZC013,Maricopa,PSR,DEPT OF HIGHWAYS,OLD SAGE RD. IS CLOSED NORTH OF NEW RIVER RD. DUE TO FLOODING REPORTED BY MCDOT.,33.93,-112.14,False,True,False,
2021-07-22,2021-07-22-044,2021-07-24 01:05,2021-07-23 18:05,F,FLASH FLOOD,,7 S NEW RIVER,MARICOPA,AZ,AZC013,Maricopa,PSR,DEPT OF HIGHWAYS,*** DELAYED REPORT *** MCDOT TWITTER REPORTS ROAD CLOSURE OF 27TH AVE. FROM CLOUD RD. TO DOLORES RD. DUE TO FLOODING.,33.81,-112.12,False,True,False,
2021-07-22,2021-07-22-045,2021-07-24 01:05,2021-07-23 18:05,F,FLASH FLOOD,,6 SSE NEW RIVER,MARICOPA,AZ,AZC013,Maricopa,PSR,DEPT OF HIGHWAYS,*** DELAYED REPORT *** MCDOT TWITTER REPORTS 19TH AVE. CLOSED FROM DESERT HILLS DR. TO IRVINE RD. DUE TO FLOODING.,33.84,-112.1,False,True,False,
2021-07-22,2021-07-22-046,2021-07-24 01:37,2021-07-23 18:37,F,FLASH FLOOD,,4 SE NEW RIVER,MARICOPA,AZ,AZC013,Maricopa,PSR,DEPT OF HIGHWAYS,*** DELAYED REPORT *** MCDOT REPORTS ROAD CLOSURE OF HONDA BOW RD. WEST OF 7TH AVE. DUE TO FLOODING.,33.87,-112.08,False,True,False,
2021-07-22,2021-07-22-047,2021-07-24 18:55,2021-07-24 11:55,R,HEAVY RAIN,1.2,1 SW CLAYPOOL,GILA,AZ,AZC007,Gila,PSR,TRAINED SPOTTER,DELAYED REPORT. THE RAIN OCCURRED IN ONLY 30-35 MINUTES.,33.4,-110.85,False,False,False,
2021-07-22,2021-07-22-048,2021-07-24 20:00,2021-07-24 13:00,F,FLASH FLOOD,,2 WSW WADDELL,MARICOPA,AZ,AZC013,Maricopa,PSR,COUNTY OFFICIAL,**DELAYED REPORT** COTTON LN FLOODED_ WATER SEVERAL INCHES FLOWING OVER THE ROAD. ROAD CLOSED BETWEEN CACTUS AND PEORIA.,33.6,-112.43,False,False,False,
2021-07-22,2021-07-22-049,2021-07-24 21:15,2021-07-24 14:15,F,FLASH FLOOD,,2 S GLOBE,GILA,AZ,AZC007,Gila,PSR,PUBLIC,CORRECTS PREVIOUS FLASH FLOOD REPORT FROM 2 S GLOBE. VIDEO FROM SOCIAL MEDIA SHOWS CREEK IN ICE HOUSE CANYON WITH SWIFTLY MOVING WATER. TIME ESTIMATED FROM VIDEO.,33.37,-110.78,False,False,False,
2021-07-22,2021-07-22-050,2021-07-24 21:15,2021-07-24 14:15,F,FLASH FLOOD,,2 S GLOBE,GILA,AZ,AZC007,Gila,PSR,PUBLIC,VIDEO FROM SOCIAL MEDIA SHOWS CREEK IN ICE HOUSE CANYON WITH SWIFTLY MOVING WATER FLOWING TOWARDS KELLNER CANYON. TIME ESTIMATED FROM VIDEO.,33.37,-110.78,False,False,False,2021-07-22-049
2021-07-22,2021-07-22-051,2021-07-25 15:53,2021-07-25 08:53,F,FLASH FLOOD,,8 SSW AK-CHIN VILLAGE,PINAL,AZ,AZC021,Pinal,PSR,TRAINED SPOTTER,MULTIPLE RUNNING WASHES REPORTED WITH 6-12 INCHES OF RUNNING WATER OVER WARREN RD IN MULTIPLE LOCATIONS.,32.92,-112.13,False,False,False,
2021-07-22,2021-07-22-052,2021-07-25 16:00,2021-07-25 09:00,F,FLASH FLOOD,,1 NW WADDELL,MARICOPA,AZ,AZC013,Maricopa,PSR,TRAINED SPOTTER,REPORT OF 4-6 INCHES OF RUNNING WATER OVER THE ROAD NEAR LEGACY PARC BLVD AND MAUNA LOA LN.,33.62,-112.41,False,False,False,
2021-07-22,2021-07-22-053,2021-07-25 17:05,2021-07-25 10:05,F,FLASH FLOOD,,6 N DEER VALLEY,MARICOPA,AZ,AZC013,Maricopa,PSR,MESONET,*** DELAYED REPORT *** FCDMC SONORAN WASH #65907 REACHED AND EXCEEDED BANK FULL WITH FLOOD WATERS LIKELY IMPACTING UNBRIDGED CROSSING AT DIXILETA DR. ONE MILE DOWNSTREAM OF GAUGE.,33.76,-112.11,False,False,False,
2021-07-22,2021-07-22-054,2021-07-25 17:55,2021-07-25 10:55,F,FLASH FLOOD,,2 NNE SUN CITY,MARICOPA,AZ,AZC013,Maricopa,PSR,LAW ENFORCEMENT,MULTIPLE WATER RESCUES REPORTED IN SUN CITY_ INCLUDING 98TH AVE AND GRANADA_ 107TH AVE AND MOUNTAIN VIEW_ AND 99TH AVE AND BURNS.,33.64,-112.27,False,False,False,
2021-07-22,2021-07-22-055,2021-07-25 18:06,2021-07-25 11:06,F,FLASH FLOOD,,1 NE SUN CITY,MARICOPA,AZ,AZC013,Maricopa,PSR,TRAINED SPOTTER,FLOOD CONTROL CHANNEL ALONG CENTER OF 99TH AVE WAS OVERFLOWING ONTO THE STREET. MCSO DEPUTY STOPPING SOUTH-BOUND TRAFFIC AT DESERT ROCK DRIVE (SOUTH OF BELL RD.) DUE TO DEPTH OF WATER JUST SOUTH OF T,33.63,-112.27,False,False,False,
2021-07-22,2021-07-22-056,2021-07-25 18:35,2021-07-25 11:35,F,FLASH FLOOD,,7 WSW MOBILE,MARICOPA,AZ,AZC013,Maricopa,PSR,DEPT OF HIGHWAYS,HWY 238 CLOSED BETWEEN MPS 14 AND 38.,33.02,-112.38,False,False,False,
2021-07-22,2021-07-22-057,2021-07-25 18:35,2021-07-25 11:35,F,FLASH FLOOD,,6 NW AK-CHIN VILLAGE,PINAL,AZ,AZC021,Pinal,PSR,DEPT OF HIGHWAYS,HWY 238 CLOSED WEST OF MARICOPA.,33.08,-112.17,False,False,False,
2021-07-22,2021-07-22-058,2021-07-25 18:37,2021-07-25 11:37,F,FLASH FLOOD,,2 ENE TOLLESON,MARICOPA,AZ,AZC013,Maricopa,PSR,BROADCAST MEDIA,SEVERAL LANES ON INTERSTATE 10 NEAR 75TH AVE AND 91ST AVE ARE FLOODED AND IMPASSABLE.,33.47,-112.22,True,False,True,
2021-07-22,2021-07-22-059,2021-07-25 18:40,2021-07-25 11:40,F,FLASH FLOOD,,BUCKEYE,MARICOPA,AZ,AZC013,Maricopa,PSR,EMERGENCY MNGR,SEVERAL ROAD CLOSURES IN BUCKEYE_ INCLUDING DEAN AND BROADWAY_ LOWER BUCKEYE BETWEEN WATSON AND RAINBOW_ VERRADO AND BROADWAY_ VERRADO AND YUMA.,33.38,-112.6,False,False,False,
2021-07-22,2021-07-22-060,2021-07-25 18:57,2021-07-25 11:57,F,FLASH FLOOD,,3 N SUN CITY,MARICOPA,AZ,AZC013,Maricopa,PSR,BROADCAST MEDIA,WATER RESCUE AT 107TH AVE AND UNION HILLS.,33.65,-112.29,False,False,False,
2021-07-22,2021-07-22-061,2021-07-25 19:00,2021-07-25 12:00,F,FLASH FLOOD,,2 NNE FLORENCE,PINAL,AZ,AZC021,Pinal,PSR,DEPT OF HIGHWAYS,**DELAYED REPORT** COUNTY PUBLIC WORKS REPORTED PRICE ROAD CLOSED DUE TO FLOODING AND SUDDEN RISES IN WATER. SOCIAL MEDIA VIDEOS SHOWED OTHER FLOODING FARTHER WEST ALONG HUNT HWY AND CHRISTENSEN RD.,33.06,-111.38,False,False,False,
2021-07-22,2021-07-22-062,2021-07-25 19:05,2021-07-25 12:05,F,FLASH FLOOD,,8 WSW FLORENCE JUNCTION,PINAL,AZ,AZC021,Pinal,PSR,PUBLIC,*** DELAYED REPORT *** SOCIAL MEDIA POST SHOWS WATER GREATER THAN 6 INCHES (REPORTED AS KNEE DEEP) COVERING ROADWAY IMPEDING TRAVEL ALONG SKYLINE DR. NEAR FELIX RD.,33.19,-111.46,False,False,False,
2021-07-22,2021-07-22-063,2021-07-25 19:06,2021-07-25 12:06,F,FLASH FLOOD,,1 SW MIAMI,GILA,AZ,AZC007,Gila,PSR,TRAINED SPOTTER,BLOODY TANKS WASH WAS RUNNING NEAR BANK FULL AND CONTAINING DEBRIS. WATER LEVELS WERE CONTINUING TO RISE.,33.39,-110.88,False,False,False,
2021-07-22,2021-07-22-064,2021-07-25 19:32,2021-07-25 12:32,F,FLASH FLOOD,,1 SE GLOBE,GILA,AZ,AZC007,Gila,PSR,TRAINED SPOTTER,SIGNIFICANT FLOW THROUGH PINAL CREEK AT BEER TREE CROSSING AND JESS HAYES RD. IN GLOBE.,33.38,-110.77,False,False,False,
2021-07-22,2021-07-22-065,2021-07-25 19:40,2021-07-25 12:40,F,FLASH FLOOD,,3 WSW MIAMI,GILA,AZ,AZC007,Gila,PSR,DEPT OF HIGHWAYS,**DELAYED REPORT** ROCKSLIDE AFTER HEAVY RAIN AND RUNOFF ONTO US60 AT MILEPOST 241.,33.38,-110.91,False,False,False,
2021-07-22,2021-07-22-066,2021-07-25 20:10,2021-07-25 13:10,F,FLASH FLOOD,,9 SE BUCKEYE,MARICOPA,AZ,AZC013,Maricopa,PSR,MESONET,DELAYED REPORT. A STREAM GAUGE AT WATERMAN WASH REACHED ALARM STAGE AND CONTINUED TO RISE AFTER THAT. THIS MADE DOWNSTREAM ROAD CROSSINGS_ INCLUDING SOUTH TUTHILL ROAD_ IMPASSABLE.,33.29,-112.49,False,False,False,
2021-07-22,2021-07-22-067,2021-07-25 20:30,2021-07-25 13:30,F,FLASH FLOOD,,7 SE BUCKEYE,MARICOPA,AZ,AZC013,Maricopa,PSR,PUBLIC,ROAD CLOSED DUE TO FLOODING. SOCIAL MEDIA VIDEOS SHOW WELL OVER 6 INCHES OF SWIFT MOVING WATER OVER THE ROAD.,33.32,-112.5,False,False,False,
2021-07-22,2021-07-22-068,2021-07-25 22:00,2021-07-25 15:00,F,FLASH FLOOD,,6 ESE BUCKEYE,MARICOPA,AZ,AZC013,Maricopa,PSR,DEPT OF HIGHWAYS,ROAD CLOSED DUE TO FLOODING. SOCIAL MEDIA VIDEOS SHOW WELL OVER 6 INCHES OF SWIFT MOVING WATER OVER THE ROAD.,33.33,-112.51,False,False,False,
2021-07-22,2021-07-22-069,2021-07-25 22:00,2021-07-25 15:00,F,FLASH FLOOD,,9 N SAGUARO LAKE,MARICOPA,AZ,AZC013,Maricopa,PSR,OTHER FEDERAL,USGS GAGE SYCA3 ON SYCAMORE CREEK NEAR FORT MCDOWELL SHOWED A RAPID RISE WITH 6 FOOT RISE IN 1.5 HOURS AND CRESTED AT 6.4 FEET.,33.69,-111.54,False,False,False,
2021-07-22,2021-07-22-070,2021-07-25 23:07,2021-07-25 16:07,D,TSTM WND DMG,,2 NNE JTNP-KEYS VIEW,RIVERSIDE,CA,CAC065,Riverside,PSR,PARK/FOREST SRVC,*** DELAYED REPORT *** DOWNED JOSHUA TREE ON KEYS VIEW RD. IN JTNP. TIME ESTIMATED USING RADAR.,33.96,-116.17,False,False,False,
2021-07-22,2021-07-22-071,2021-07-25 23:24,2021-07-25 16:24,F,FLASH FLOOD,,3 NNE JTNP-KEYS VIEW,RIVERSIDE,CA,CAC065,Riverside,PSR,PARK/FOREST SRVC,*** UPDATED *** JOSHUA TREE NP-LOST HORSE ROAD/GEOLOGY TOUR ROAD/KEYS VIEW ROAD. LOST HORSE ROAD AND GEOLOGY TOUR ROAD ARE CLOSED DUE TO FLOODING. KEYS VIEW ROAD CLOSED DUE TO FLOODING WITH 8 INCHES,33.96,-116.17,False,False,False,
2021-07-22,2021-07-22-072,2021-07-25 23:24,2021-07-25 16:24,F,FLASH FLOOD,,3 NNE JTNP-KEYS VIEW,RIVERSIDE,CA,CAC065,Riverside,PSR,PARK/FOREST SRVC,KEYS VIEW ROAD CLOSED DUE TO FLOODING WITH 8 INCHES OF WATER FLOWING OVER ROADWAY.,33.96,-116.17,False,False,False,2021-07-22-071
2021-07-22,2021-07-22-073,2021-07-25 23:30,2021-07-25 16:30,F,FLASH FLOOD,,8 ENE WINTERSBURG,MARICOPA,AZ,AZC013,Maricopa,PSR,DEPT OF HIGHWAYS,*** DELAYED REPORT *** TONAPAH SALOME HWY. EASTBOUND & WESTBOUND BETWEEN 315TH AVE. AND 339TH AVE. CLOSED DUE TO FLOODING. TIMING ESTIMATED FROM FCDMC STREAMFLOW GAUGE 48007 ALONG HASSAYAMPA RIVER SI,33.48,-112.75,False,False,False,
2021-07-22,2021-07-22-074,2021-07-25 23:30,2021-07-25 16:30,F,FLASH FLOOD,,7 NNW SAGUARO LAKE,MARICOPA,AZ,AZC013,Maricopa,PSR,PUBLIC,**DELAYED REPORT** SEVERAL VIDEOS SHARED ON NEWS MEDIA AND SOCIAL MEDIA SHOW INSTANCES OF MULTIPLE VEHICLES STUCK AND/OR SWEPT AWAY IN FLASH FLOOD WATERS IN LOWER SYCAMORE CREEK BETWEEN THE VERDE RIV,33.67,-111.56,False,False,False,
2021-07-22,2021-07-22-075,2021-07-26 01:38,2021-07-25 18:38,F,FLASH FLOOD,,DESERT CENTER,RIVERSIDE,CA,CAC065,Riverside,PSR,TRAINED SPOTTER,TRAINED SPOTTER REPORTED 3-4 INCHES OF FLOWING WATER OVER THE ROADWAY.,33.71,-115.4,False,False,False,
2021-07-22,2021-07-22-076,2021-07-26 02:12,2021-07-25 19:12,F,FLASH FLOOD,,9 NE DESERT CENTER,RIVERSIDE,CA,CAC065,Riverside,PSR,DEPT OF HIGHWAYS,MULTIPLE REPORTS OF MUD AND DEBRIS COVERING RICE RD (177) IN VARIOUS SPOTS NEAR THE DESERT LILY SANCTUARY.,33.81,-115.29,False,False,False,
2021-07-22,2021-07-22-077,2021-07-26 02:19,2021-07-25 19:19,F,FLASH FLOOD,,26 SW PALM CANYON,LA PAZ,AZ,AZC012,La Paz,PSR,DEPT OF HIGHWAYS,US-95 CLOSED DUE TO FLOODING.,33.05,-114.29,False,False,False,
2021-07-22,2021-07-22-078,2021-07-26 03:00,2021-07-25 20:00,F,FLASH FLOOD,,2 N PARKER,LA PAZ,AZ,AZC012,La Paz,PSR,DEPT OF HIGHWAYS,**DELAYED REPORT** WATER_ MUD_ ROCKS AND DEBRIS FLOWING ONTO RIVERSIDE DR.,34.15,-114.28,False,False,False,
2021-07-22,2021-07-22-079,2021-07-26 04:00,2021-07-25 21:00,E,FLOOD,,3 NNE COOLIDGE,PINAL,AZ,AZC021,Pinal,PSR,PUBLIC,*** DELAYED REPORT *** VIDEO POSTED TO SOCIAL MEDIA SHOWS GILA RIVER OVERTAKING CHRISTENSEN RD. ONE VEHICLE STRANDED IN FLOWING WATER REQUIRING RESCUE FROM COOLIDGE FIRE DEPARTMENT.,33.01,-111.51,False,False,False,
2021-07-22,2021-07-22-080,2021-07-26 10:50,2021-07-26 03:50,F,FLASH FLOOD,,13 SSW JTNP-COTTONWOOD,RIVERSIDE,CA,CAC065,Riverside,PSR,EMERGENCY MNGR,*** DELAYED REPORT *** BOX CANYON RD. NEAR SHAVERS WELL CLOSED DUE TO SAND AND ROCK DEBRIS FROM FLOODING. TIME ESTIMATED FROM FIRST CALL TO CHP REGARDING BOX CANYON RD. AT 4:08 AM.,33.59,-115.93,False,False,False,
2021-08-13,2021-08-13-001,2021-08-12 21:51,2021-08-12 14:51,F,FLASH FLOOD,,13 ENE GILA BEND,MARICOPA,AZ,AZC013,Maricopa,PSR,DEPT OF HIGHWAYS,DELAYED REPORT. FLOODING ON HIGHWAY 238 REPORTED BY HIGHWAY PATROL TO ADOT. PROMPTED SUBSEQUENT CLOSURE OF THE ENTIRE HIGHWAY DUE TO LACK OF OTHER ROADS IN THE AREA.,33.0,-112.51,False,False,False,
2021-08-13,2021-08-13-002,2021-08-13 02:00,2021-08-12 19:00,D,TSTM WND DMG,,2 N TACNA,YUMA,AZ,AZC027,Yuma,PSR,CO-OP OBSERVER,NUMEROUS POWER POLES BLOWN DOWN ALONG AVENUE 40 E BETWEEN E COUNTY 6TH ST AND 8TH ST. TIME ESTIMATED FROM SPOTTER BETWEEN 700 AND 745 PM.,32.72,-113.95,False,False,False,
2021-08-13,2021-08-13-003,2021-08-13 02:30,2021-08-12 19:30,R,HEAVY RAIN,1.25,1 N TACNA,YUMA,AZ,AZC027,Yuma,PSR,CO-OP OBSERVER,,32.71,-113.95,False,False,False,
2021-08-13,2021-08-13-004,2021-08-13 02:40,2021-08-12 19:40,D,TSTM WND DMG,,1 N QUARTZSITE,LA PAZ,AZ,AZC012,La Paz,PSR,LAW ENFORCEMENT,TREES DOWN ON HIGHWAY 95 IN NORTH PART OF QUARTZSITE. BYPASSERS ASSISTED DEPUTY TO REMOVE LARGE TREE BLOCKING HIGHWAY. DEBRIS FROM PROPERTIES BLOWING ON TO RESIDENTIAL STREETS IN QUARTZSITE.,33.68,-114.22,False,False,False,
2021-08-13,2021-08-13-005,2021-08-13 02:46,2021-08-12 19:46,D,TSTM WND DMG,,5 ESE BRENDA,LA PAZ,AZ,AZC012,La Paz,PSR,DEPT OF HIGHWAYS,MULTIPLE SEMI TRUCKS REPORTED BLOWN OVER ON WESTBOUND I-10 EAST OF QUARTZSITE_ RESULTING IN CLOSURE OF THE INTERSTATE.,33.65,-113.88,False,False,False,
2021-08-13,2021-08-13-006,2021-08-13 02:54,2021-08-12 19:54,F,FLASH FLOOD,,4 NW BOUSE,LA PAZ,AZ,AZC012,La Paz,PSR,DEPT OF HIGHWAYS,TRAFFIC AT STANDSTILL ALONG HIGHWAY 72. WASH IS RUNNING ACROSS THE ROADWAY.,33.97,-114.04,False,False,False,
2021-08-13,2021-08-13-007,2021-08-14 00:10,2021-08-13 17:10,R,HEAVY RAIN,1.2,1 E CLAYPOOL,GILA,AZ,AZC007,Gila,PSR,PUBLIC,,33.41,-110.82,False,False,False,
2021-08-13,2021-08-13-008,2021-08-14 04:43,2021-08-13 21:43,D,TSTM WND DMG,,3 WSW FOUNTAIN HILLS,MARICOPA,AZ,AZC013,Maricopa,PSR,PUBLIC,THUNDERSTORM WIND GUSTS ESTIMATED BETWEEN 50MPH AND 60MPH. TREE BRANCHES DOWN IN AREA.,33.59,-111.8,False,True,False,
2021-08-13,2021-08-13-009,2021-08-14 04:50,2021-08-13 21:50,2,DUST STORM,,2 SSW WITTMANN,MARICOPA,AZ,AZC013,Maricopa,PSR,TRAINED SPOTTER,LESS THAN ONE QUARTER MILE VISIBILITY.,33.75,-112.55,False,True,False,
2021-08-13,2021-08-13-010,2021-08-14 04:55,2021-08-13 21:55,G,TSTM WND GST,60.0,2 SSW WITTMANN,MARICOPA,AZ,AZC013,Maricopa,PSR,TRAINED SPOTTER,60 MPH GUST MEASURED FROM HOME WEATHER STATION.,33.75,-112.55,False,True,False,
2021-08-13,2021-08-13-011,2021-08-14 05:13,2021-08-13 22:13,R,HEAVY RAIN,0.63,6 ESE DEER VALLEY,MARICOPA,AZ,AZC013,Maricopa,PSR,TRAINED SPOTTER,MEASURED IN 11 MINUTES.,33.65,-112.01,True,True,False,
2021-08-13,2021-08-13-012,2021-08-14 05:23,2021-08-13 22:23,F,FLASH FLOOD,,3 S DEER VALLEY,MARICOPA,AZ,AZC013,Maricopa,PSR,TRAINED SPOTTER,FLOODING ON INTERSTATE 17 AT GREENWAY.,33.63,-112.12,True,True,True,
2021-08-13,2021-08-13-013,2021-08-14 05:23,2021-08-13 22:23,D,TSTM WND DMG,,2 SSE DEER VALLEY,MARICOPA,AZ,AZC013,Maricopa,PSR,BROADCAST MEDIA,***DELAYED REPORT***MULTIPLE REPORTS OF MATURE TREES DOWN AT APARTMENT COMPLEX AND ROOF AWNING DAMAGE NEAR 19TH AVENUE BETWEEN UNION HILLS AND THUNDERBIRD. TIME OF 55-65 MPH WINDS ESTIMATED BY RADAR.,33.64,-112.1,True,True,False,
2021-08-13,2021-08-13-014,2021-08-14 05:27,2021-08-13 22:27,R,HEAVY RAIN,1.1,5 E DEER VALLEY,MARICOPA,AZ,AZC013,Maricopa,PSR,TRAINED SPOTTER,,33.65,-112.03,True,True,False,
2021-08-13,2021-08-13-015,2021-08-14 05:30,2021-08-13 22:30,R,HEAVY RAIN,1.04,1 SE DEER VALLEY,MARICOPA,AZ,AZC013,Maricopa,PSR,NWS EMPLOYEE,1.04 IN 20 MINUTES_ 0.67 IN 10 MINUTES_ AND 0.46 IN 5 MINUTES. MINOR STREET FLOODING NOTED. 2 TREES BLOWN DOWN.,33.66,-112.1,True,True,False,
2021-08-13,2021-08-13-016,2021-08-14 05:50,2021-08-13 22:50,R,HEAVY RAIN,2.5,4 SE DEER VALLEY,MARICOPA,AZ,AZC013,Maricopa,PSR,PUBLIC,***DELAYED REPORT*** HEAVY RAIN LED TO A PARTIAL ROOF COLLAPSE AT MOON VALLEY BIBLE CHURCH. NO INJURIES WERE REPORTED. TIME ESTIMATED FROM HEAVIEST RAINFALL AND RAINFALL ESTIMATED FROM RADAR AND NEAR,33.63,-112.07,True,True,False,
2021-08-13,2021-08-13-017,2021-08-14 05:52,2021-08-13 22:52,D,TSTM WND DMG,,3 SSE TOLLESON,MARICOPA,AZ,AZC013,Maricopa,PSR,PUBLIC,***DELAYED REPORT***PUBLIC REPORT CONFIRMED BY POLICE THAT ROAD WAS BLOCKED BY DOWNED POWER LINES AT SOUTH 83RD AVENUE AND WEST BROADWAY. TIME OF DAMAGE ESTIMATED BY RADAR WITH ESTIMATED WINDS OF 55-,33.41,-112.24,False,True,False,
2021-08-13,2021-08-13-018,2021-08-14 05:55,2021-08-13 22:55,G,TSTM WND GST,61.0,5 WSW PHOENIX,MARICOPA,AZ,AZC013,Maricopa,PSR,MESONET,MESONET STATION SRP32 NEAR DURANGO AND 27TH AVE.,33.42,-112.15,True,True,False,
2021-08-13,2021-08-13-019,2021-08-14 05:55,2021-08-13 22:55,D,TSTM WND DMG,,3 E EAST MESA,MARICOPA,AZ,AZC013,Maricopa,PSR,PUBLIC,***DELAYED REPORT*** 40 FOOT TREE FELL THROUGH A 5 FOOT CINDERBLOCK WALL AND ONTO A CHICKEN COOP. NO INJURIES REPORTED. WINDS ESTIMATED 55 TO 65 MPH. TIME ESTIMATED FROM RADAR.,33.42,-111.63,False,True,False,
2021-08-13,2021-08-13-020,2021-08-14 05:55,2021-08-13 22:55,F,FLASH FLOOD,,4 NW PHOENIX,MARICOPA,AZ,AZC013,Maricopa,PSR,BROADCAST MEDIA,MULTIPLE CARS STALLED ON I-17 DUE TO STANDING WATER ON I-17 SOUTHBOUND BETWEEN INDIAN SCHOOL AND CAMELBACK.,33.5,-112.13,True,True,True,
2021-08-13,2021-08-13-021,2021-08-14 05:57,2021-08-13 22:57,F,FLASH FLOOD,,2 ENE FOUNTAIN HILLS,MARICOPA,AZ,AZC013,Maricopa,PSR,PUBLIC,***DELAYED REPORT***VIDEO ON TWITTER SHOWS EL PUEBLO BLVD. IMPASSABLE AT ASHBROOK WASH DUE TO MORE THAN 6 INCHES OF SWIFTLY-MOVING WATER OVER THE ROAD; MATURE PALO VERDE TREES BEING CARRIED DOWN THE,33.61,-111.7,False,True,False,2021-08-13-022
2021-08-13,2021-08-13-022,2021-08-14 05:57,2021-08-13 22:57,F,FLASH FLOOD,,2 ENE FOUNTAIN HILLS,MARICOPA,AZ,AZC013,Maricopa,PSR,PUBLIC,UPDATES PREVIOUS FLASH FLOOD REPORT FROM 2 ENE FOUNTAIN HILLS. ***DELAYED REPORT***VIDEO ON TWITTER SHOWS EL PUEBLO BLVD. IMPASSABLE AT ASHBROOK WASH DUE TO MORE THAN 6 INCHES OF SWIFTLY-MOVING WATER,33.61,-111.7,False,True,False,
2021-08-13,2021-08-13-023,2021-08-14 06:00,2021-08-13 23:00,D,TSTM WND DMG,,3 ENE EAST MESA,MARICOPA,AZ,AZC013,Maricopa,PSR,TRAINED SPOTTER,***DELAYED REPORT***20-30 TREES AND A FEW SAGUARO CACTI DOWN OR BROKEN ALONG BROWN AND ELLSWORTH. TIME OF 55-65 MPH WINDS ESTIMATED BY RADAR.,33.44,-111.63,False,True,False,
2021-08-13,2021-08-13-024,2021-08-14 06:08,2021-08-13 23:08,F,FLASH FLOOD,,4 NW PHOENIX,MARICOPA,AZ,AZC013,Maricopa,PSR,DEPT OF HIGHWAYS,ADOT REPORTS INTERSTATE 17 CLOSED AT INDIAN SCHOOL ROAD IN BOTH DIRECTIONS DUE TO FLOODING.,33.5,-112.11,True,True,True,
2021-08-13,2021-08-13-025,2021-08-14 06:09,2021-08-13 23:09,F,FLASH FLOOD,,6 NW PARADISE VALLEY,MARICOPA,AZ,AZC013,Maricopa,PSR,MESONET,***DELAYED REPORT*** USGS GAUGE IN INDIAN BEND WASH EXCEEDED ACTION STAGE WITH A ~4 FOOT RISE IN 30 MINUTES_ CRESTING AT 3.95FT.,33.6,-112.0,True,True,True,
2021-08-13,2021-08-13-026,2021-08-14 06:10,2021-08-13 23:10,F,FLASH FLOOD,,2 SW PHOENIX,MARICOPA,AZ,AZC013,Maricopa,PSR,DEPT OF HIGHWAYS,ADOT REPORTS INTERSTATE 17 CLOSED IN BOTH DIRECTIONS AT THE DURANGO CURVE DUE TO FLOODING.,33.43,-112.11,True,True,True,
2021-08-13,2021-08-13-027,2021-08-14 06:10,2021-08-13 23:10,F,FLASH FLOOD,,2 WSW PHOENIX,MARICOPA,AZ,AZC013,Maricopa,PSR,BROADCAST MEDIA,I-17 IMPASSABLE AT DURANGO CURVE DUE TO STANDING WATER.,33.43,-112.11,True,True,True,2021-08-13-026
2021-08-13,2021-08-13-028,2021-08-14 06:12,2021-08-13 23:12,R,HEAVY RAIN,0.64,2 N EAST MESA,MARICOPA,AZ,AZC013,Maricopa,PSR,TRAINED SPOTTER,MEASURED IN 13 MINS.,33.45,-111.69,False,True,False,
2021-08-13,2021-08-13-029,2021-08-14 06:13,2021-08-13 23:13,G,TSTM WND GST,54.0,4 NNW EAST MESA,MARICOPA,AZ,AZC013,Maricopa,PSR,AWOS,***DELAYED REPORT*** AWOS STATION KFFZ MESA FALCON FLD.,33.47,-111.72,False,True,False,
2021-08-13,2021-08-13-030,2021-08-14 06:19,2021-08-13 23:19,F,FLASH FLOOD,,5 ENE PHOENIX MESA GATE,MARICOPA,AZ,AZC013,Maricopa,PSR,PUBLIC,***DELAYED REPORT*** STREET FLOODING. ROADS CLOSED. REPORT FROM MPING.,33.34,-111.59,False,True,False,
2021-08-13,2021-08-13-031,2021-08-14 06:28,2021-08-13 23:28,F,FLASH FLOOD,,4 S DEER VALLEY,MARICOPA,AZ,AZC013,Maricopa,PSR,BROADCAST MEDIA,CAR STRANDED DUE TO 2-3 FEET OF STANDING WATER AT I-17 AND THUNDERBIRD UNDERPASS.,33.61,-112.12,True,True,True,
2021-08-13,2021-08-13-032,2021-08-14 06:44,2021-08-13 23:44,D,TSTM WND DMG,,13 W CENTENNIAL,LA PAZ,AZ,AZC012,La Paz,PSR,UTILITY COMPANY,***DELAYED REPORT*** FIVE TRANSMISSION TOWERS WERE KNOCKED OVER BY STRONG WINDS.,33.53,-113.58,False,True,False,
2021-08-13,2021-08-13-033,2021-08-14 06:46,2021-08-13 23:46,F,FLASH FLOOD,,2 SW WADDELL,MARICOPA,AZ,AZC013,Maricopa,PSR,EMERGENCY MNGR,CITY OF SURPRISE REPORTS THAT DUE TO FLOODING_ COTTON LANE IS CLOSED FROM PEORIA AVENUE TO CACTUS ROAD.,33.59,-112.43,False,True,False,
2021-08-13,2021-08-13-034,2021-08-14 06:51,2021-08-13 23:51,F,FLASH FLOOD,,3 NE SUPERIOR,PINAL,AZ,AZC021,Pinal,PSR,DEPT OF HIGHWAYS,ADOT REPORTS US 60 IS CLOSED IN BOTH DIRECTIONS BETWEEN SUPERIOR AND TOP-OF-THE-WORLD DUE TO ROCKS ON THE ROADWAY. THE HIGHWAY IS CLOSED BETWEEN MILEPOSTS 227 AND 235.,33.31,-111.07,False,True,False,
2021-08-13,2021-08-13-035,2021-08-14 07:08,2021-08-14 00:08,F,FLASH FLOOD,,3 NNE BEARDSLEY,MARICOPA,AZ,AZC013,Maricopa,PSR,EMERGENCY MNGR,CITY OF SURPRISE REPORTS JOMAX RD_ 147TH AVE TO CIELO GRAND_ IS CLOSED DUE TO FLOODING.,33.72,-112.37,False,True,False,
2021-08-13,2021-08-13-036,2021-08-14 07:36,2021-08-14 00:36,F,FLASH FLOOD,,MARICOPA,PINAL,AZ,AZC021,Pinal,PSR,PUBLIC,***DELAYED REPORT*** STREET AND ROAD FLOODING REPORTED IN MARICOPA. STREETS CLOSED WITH VEHICLES STRANDED. REPORT FROM MPING.,33.07,-112.05,False,True,False,
2021-08-13,2021-08-13-037,2021-08-14 08:11,2021-08-14 01:11,F,FLASH FLOOD,,2 SE BOUSE,LA PAZ,AZ,AZC012,La Paz,PSR,LAW ENFORCEMENT,HIGHWAY 72 WAS FLOODED AND IMPASSABLE.,33.9,-113.97,False,True,False,
2021-08-13,2021-08-13-038,2021-08-14 08:53,2021-08-14 01:53,2,DUST STORM,,3 NE TACNA,YUMA,AZ,AZC027,Yuma,PSR,TRAINED SPOTTER,LESS THAN 1/4 MILE VISIBILITY WITH ESTIMATED 40 MPH WIND GUST.,32.72,-113.92,False,True,False,
2021-08-13,2021-08-13-039,2021-08-14 08:57,2021-08-14 01:57,F,FLASH FLOOD,,1 SE GILA BEND,MARICOPA,AZ,AZC013,Maricopa,PSR,MESONET,**DELAYED REPORT** COUNTY FLOOD GAGE AT SAND TANK WASH AT I-8 EXCEEDED ALARM STAGE (2.3 FEET) MEASURING 3.05 FEET AND 730 CFS AT 1:57 AM. THE GAUGE REACHED A MAXIMUM OF 5.90 FEET AND 2957 AT 4:08 AM.,32.93,-112.71,False,True,False,
2021-08-13,2021-08-13-040,2021-08-14 09:02,2021-08-14 02:02,F,FLASH FLOOD,,7 WSW MOBILE,MARICOPA,AZ,AZC013,Maricopa,PSR,DEPT OF HIGHWAYS,ADOT REPORTS STATE ROUTE 238 IS CLOSED IN BOTH DIRECTIONS DUE TO FLOODING BETWEEN MILEPOST 40 IN MARICOPA AND STATE ROUTE 85 IN GILA BEND.,33.02,-112.38,False,True,False,
2021-08-13,2021-08-13-041,2021-08-14 09:26,2021-08-14 02:26,F,FLASH FLOOD,,18 WSW PALO VERDE NGS,MARICOPA,AZ,AZC013,Maricopa,PSR,DEPT OF HIGHWAYS,MCDOT REPORTS W AGUA CALIENTE RD IS CLOSED FROM OLD US 80 TO LAHMAN RD DUE TO FLOODING.,33.26,-113.13,False,True,False,
2021-08-13,2021-08-13-042,2021-08-14 09:41,2021-08-14 02:41,F,FLASH FLOOD,,1 E AVONDALE,MARICOPA,AZ,AZC013,Maricopa,PSR,MESONET,CORRECTS PREVIOUS TSTM WND DMG REPORT FROM 1 E AVONDALE. **DELAYED REPORT** COUNTY FLOOD GAGE AT BUCKEYE RD/AGUA FRIA RIVER EXCEEDED ALARM STAGE (0.72 FT) REACHING 0.79 FT AT 1932 CFS. FLOWING WATER,33.44,-112.33,False,True,False,
2021-08-13,2021-08-13-043,2021-08-14 09:41,2021-08-14 02:41,D,TSTM WND DMG,,1 E AVONDALE,MARICOPA,AZ,AZC013,Maricopa,PSR,PUBLIC,**DELAYED REPORT** COUNTY FLOOD GAGE AT BUCKEYE RD/AGUA FRIA RIVER EXCEEDED ALARM STAGE (0.72 FT) REACHING 0.79 FT AT 1932 CFS. FLOWING WATER LEAD TO CLOSURE OF LOWER BUCKEYE RD_ ONE MILE SOUTH OF TH,33.44,-112.33,False,True,False,
2021-08-13,2021-08-13-044,2021-08-14 10:12,2021-08-14 03:12,F,FLASH FLOOD,,11 WSW MOBILE,MARICOPA,AZ,AZC013,Maricopa,PSR,DEPT OF HIGHWAYS,MCDOT REPORTS SR238 (MARICOPA RD) IS CLOSED FROM MILE POST 7 TO MILE POST 24 DUE TO FLOODING.,33.0,-112.45,False,True,False,
2021-08-13,2021-08-13-045,2021-08-14 10:49,2021-08-14 03:49,F,FLASH FLOOD,,6 SSW GILA BEND,MARICOPA,AZ,AZC013,Maricopa,PSR,MESONET,**DELAYED REPORT** COUNTY FLOOD GAGE AT SAUCEDA WASH EXCEEDED ALARM STAGE (3.2 FEET) MEASURING 3.28 FEET AND 843 CFS AT 3:49 AM. THE GAGE REACHED A MAXIMUM OF 4.13 FEET AND 1418 CFS AT 5:16 AM.,32.86,-112.76,False,True,False,
2021-08-13,2021-08-13-046,2021-08-14 11:30,2021-08-14 04:30,F,FLASH FLOOD,,GILA BEND,MARICOPA,AZ,AZC013,Maricopa,PSR,EMERGENCY MNGR,*** 2 FATAL *** ***DELAYED REPORT*** SIGNIFICANT FLASH FLOODING OCCURRED IN PARTS OF GILA BEND_ ARIZONA_ EARLY SATURDAY MORNING_ DUE TO A LARGE AREA OF 2 TO 4 INCHES OF RAIN THAT FELL SOUTH AND EAST,32.95,-112.72,False,True,False,
2021-08-17,2021-08-17-001,2021-08-16 04:44,2021-08-15 21:44,G,TSTM WND GST,56.0,2 SSE ROOSEVELT,GILA,AZ,AZC007,Gila,PSR,MESONET,AU919 CWOP SITE.,33.64,-111.12,False,False,False,
2021-08-17,2021-08-17-002,2021-08-16 04:45,2021-08-15 21:45,D,TSTM WND DMG,,9 ESE ROOSEVELT,GILA,AZ,AZC007,Gila,PSR,PUBLIC,**DELAYED REPORT** METAL CARPORT ROOF BLOWN OFF.,33.61,-111.0,False,False,False,
2021-08-17,2021-08-17-003,2021-08-16 05:40,2021-08-15 22:40,H,HAIL,0.25,3 NE EAST MESA,MARICOPA,AZ,AZC013,Maricopa,PSR,PUBLIC,,33.45,-111.65,False,False,False,
2021-08-17,2021-08-17-004,2021-08-16 05:44,2021-08-15 22:44,G,TSTM WND GST,51.0,4 NW EAST MESA,MARICOPA,AZ,AZC013,Maricopa,PSR,ASOS,MESA FALCON FIELD ASOS.,33.46,-111.73,False,False,False,
2021-08-17,2021-08-17-005,2021-08-16 05:45,2021-08-15 22:45,G,TSTM WND GST,46.0,2 N EAST MESA,MARICOPA,AZ,AZC013,Maricopa,PSR,TRAINED SPOTTER,0.45 INCHES OF RAIN WITHIN 15 MINUTES.,33.45,-111.69,False,False,False,
2021-08-17,2021-08-17-006,2021-08-16 05:48,2021-08-15 22:48,D,TSTM WND DMG,,3 WNW EAST MESA,MARICOPA,AZ,AZC013,Maricopa,PSR,PUBLIC,***DELAYED REPORT***LARGE PINE TREE 2-3 FEET IN DIAMETER FELL ON TOP OF GARAGE AND VEHICLE NEAR UNIVERSITY AND GREENFIELD. TIME ESTIMATED BY RADAR.,33.43,-111.74,False,False,False,
2021-08-17,2021-08-17-007,2021-08-16 05:53,2021-08-15 22:53,D,TSTM WND DMG,,4 E MESA,MARICOPA,AZ,AZC013,Maricopa,PSR,BROADCAST MEDIA,***DELAYED REPORT***MULTIPLE LARGE PINE TREES AND POWER POLES BLOWN DOWN AT APARTMENT COMPLEX NEAR UNIVERSITY DR. AND LA VALENCIA TO LINDSEY RD. TIME ESTIMATED BY RADAR.,33.42,-111.76,False,False,False,
2021-08-17,2021-08-17-008,2021-08-16 13:18,2021-08-16 06:18,2,DUST STORM,,8 WSW SUN LAKES,PINAL,AZ,AZC021,Pinal,PSR,DEPT OF HIGHWAYS,DELAYED REPORT. ADOT WEBCAM NEAR HIGHWAY 347 AND CEMENT PLANT ROAD SHOWED A DUST STORM REDUCING VISIBILITIES BELOW 1/4 MILE (ESTIMATED).,33.18,-112.0,False,False,False,
2021-08-17,2021-08-17-009,2021-08-17 05:20,2021-08-16 22:20,D,TSTM WND DMG,,4 NNW FLORENCE JUNCTION,PINAL,AZ,AZC021,Pinal,PSR,TRAINED SPOTTER,MATURE LEMON TREE UPROOTED AND SOME LAWN FURNITURE DAMAGED/DISPLACED. MOSTLY SMALLER TREES PULLED OUT OF THE GROUND OR BROKEN - LIMBS. 8 TO 10 TREES. TWO MATURE OCOTILLOS WERE UPROOTED AND ONE OLDER,33.31,-111.37,False,False,False,
2021-08-17,2021-08-17-010,2021-08-17 05:30,2021-08-16 22:30,F,FLASH FLOOD,,5 N CLAYPOOL,GILA,AZ,AZC007,Gila,PSR,DEPT OF HIGHWAYS,**DELAYED REPORT** ADOT REPORTED CLOSURES ALONG AZ88 NORTH OF GLOBE/CLAYPOOL DUE TO FLOODING ON MORNING OF 8/17. IMPACTS RELATED TO RAINFALL LATE ON 8/16_ AND REPORT TIME ESTIMATED BASED ON DOWNSTREA,33.48,-110.86,False,False,False,
2021-08-17,2021-08-17-011,2021-08-17 05:40,2021-08-16 22:40,G,TSTM WND GST,73.0,10 ESE QUEEN CREEK,PINAL,AZ,AZC021,Pinal,PSR,MESONET,SRP MESONET STATION QUAIL.,33.16,-111.49,False,False,False,
2021-08-17,2021-08-17-012,2021-08-17 05:41,2021-08-16 22:41,H,HAIL,0.75,10 N FOUNTAIN HILLS,MARICOPA,AZ,AZC013,Maricopa,PSR,TRAINED SPOTTER,DELAYED REPORT. HAILSTONES UP TO 3/4 INCH IN DIAMETER REPORTED NEAR 150TH ST. AND RIO VERDE DRIVE.,33.74,-111.76,False,False,False,
2021-08-17,2021-08-17-013,2021-08-17 05:46,2021-08-16 22:46,G,TSTM WND GST,54.0,5 NW EAST MESA,MARICOPA,AZ,AZC013,Maricopa,PSR,MESONET,*** DELAYED REPORT ** MESONET STATION SRP FALCON SUBSTATION.,33.47,-111.74,False,False,False,
2021-08-17,2021-08-17-014,2021-08-17 05:50,2021-08-16 22:50,D,TSTM WND DMG,,8 WNW FLORENCE,PINAL,AZ,AZC021,Pinal,PSR,TRAINED SPOTTER,*** DELAYED REPORT *** ONE LARGE TREE ABOUT 4 FEET IN DIAMETER UPROOTED NEAR OASIS LN AND HUNT HWY. TIME ESTIMATED FROM RADAR.,33.09,-111.5,False,False,False,
2021-08-17,2021-08-17-015,2021-08-17 05:50,2021-08-16 22:50,D,TSTM WND DMG,,6 SE QUEEN CREEK,PINAL,AZ,AZC021,Pinal,PSR,TRAINED SPOTTER,*** DELAYED REPORT *** MULTIPLE REPORTS OF TREES DOWN AND A TRAMPOLINE ALONG HUNT HWY. BETWEEN GARY RD. AND BELLA VISTA RD. A FENCE WAS DESTROYED BY A DOWNED TREE NEAR HUNT HWY. AND GANTZEL RD. TIME,33.17,-111.57,False,False,False,
2021-08-17,2021-08-17-016,2021-08-17 05:53,2021-08-16 22:53,G,TSTM WND GST,69.0,SKY HARBOR AIRPORT,MARICOPA,AZ,AZC013,Maricopa,PSR,ASOS,ASOS STATION KPHX PHOENIX SKY HRBR.,33.43,-112.02,True,False,False,
2021-08-17,2021-08-17-017,2021-08-17 05:53,2021-08-16 22:53,G,TSTM WND GST,52.0,3 ENE DEER VALLEY,MARICOPA,AZ,AZC013,Maricopa,PSR,ASOS,*** DELAYED REPORT *** ASOS STATION KDVT PHOENIX DEER VALLEY.,33.68,-112.07,False,False,False,
2021-08-17,2021-08-17-018,2021-08-17 05:55,2021-08-16 22:55,G,TSTM WND GST,68.0,1 S TEMPE,MARICOPA,AZ,AZC013,Maricopa,PSR,TRAINED SPOTTER,*** DELAYED REPORT *** MEASURED FROM HANDHELD ANEMOMETER.,33.38,-111.93,True,False,False,
2021-08-17,2021-08-17-019,2021-08-17 05:55,2021-08-16 22:55,G,TSTM WND GST,68.0,1 S TEMPE,MARICOPA,AZ,AZC013,Maricopa,PSR,TRAINED SPOTTER,,33.38,-111.93,True,False,False,2021-08-17-018
2021-08-17,2021-08-17-020,2021-08-17 05:56,2021-08-16 22:56,G,TSTM WND GST,59.0,9 SE QUEEN CREEK,PINAL,AZ,AZC021,Pinal,PSR,TRAINED SPOTTER,,33.13,-111.55,False,False,False,
2021-08-17,2021-08-17-021,2021-08-17 06:00,2021-08-16 23:00,D,TSTM WND DMG,,4 NE SUN LAKES,MARICOPA,AZ,AZC013,Maricopa,PSR,PUBLIC,*** DELAYED REPORT *** PHOTO FROM SOCIAL MEDIA SHOWS MULTIPLE TREES UPROOTED (MOSTLY PALO VERDE) ACROSS THE COOPER RD. BETWEEN OCOTILLO RD. AND QUEEN CREEK RD. TIME ESTIMATED FROM RADAR.,33.25,-111.81,False,True,False,
2021-08-17,2021-08-17-022,2021-08-17 06:00,2021-08-16 23:00,H,HAIL,0.5,2 NNW QUEEN CREEK,MARICOPA,AZ,AZC013,Maricopa,PSR,TRAINED SPOTTER,*** DELAYED REPORT ***.,33.26,-111.65,False,True,False,
2021-08-17,2021-08-17-023,2021-08-17 06:04,2021-08-16 23:04,D,TSTM WND DMG,,3 SE TOLLESON,MARICOPA,AZ,AZC013,Maricopa,PSR,PUBLIC,***DELAYED REPORT***LARGE TREE DOWN ON POWER LINES NEAR LOWER BUCKEYE BETWEEN 67TH AND 75TH AVE. TIME OF 60-65 MPH WINDS ESTIMATED BY TPHX RADAR.,33.42,-112.21,False,True,False,
2021-08-17,2021-08-17-024,2021-08-17 06:05,2021-08-16 23:05,D,TSTM WND DMG,,3 E CHANDLER,MARICOPA,AZ,AZC013,Maricopa,PSR,PUBLIC,*** DELAYED REPORT *** PHOTO FROM SOCIAL MEDIA SHOWS MULTIPLE TREES DOWN INCLUDING ONE LARGE TREE BLOCKING ROADWAY REQUIRING REMOVAL BY LARGE PICKUP TRUCK.,33.29,-111.82,False,True,False,
2021-08-17,2021-08-17-025,2021-08-17 06:08,2021-08-16 23:08,D,TSTM WND DMG,,2 NNE SUN LAKES,MARICOPA,AZ,AZC013,Maricopa,PSR,TRAINED SPOTTER,*** DELAYED REPORT *** SIX-INCH DIAMETER TREE LIMB BROKEN OFF PALO VERDE TREE.,33.24,-111.86,False,True,False,
2021-08-17,2021-08-17-026,2021-08-17 06:10,2021-08-16 23:10,D,TSTM WND DMG,,5 E GLENDALE,MARICOPA,AZ,AZC013,Maricopa,PSR,BROADCAST MEDIA,*** DELAYED REPORT *** PHOTO FROM SOCIAL MEDIA SHOWS LARGE TREE UPROOTED. TIME ESTIMATED USING RADAR.,33.54,-112.09,True,True,False,
2021-08-17,2021-08-17-027,2021-08-17 06:14,2021-08-16 23:14,G,TSTM WND GST,64.0,4 SSE COOLIDGE,PINAL,AZ,AZC021,Pinal,PSR,MESONET,*** DELAYED REPORT*** MESONET STATION SRP42 4.1 S COOLIDGE (SRP).,32.92,-111.51,False,True,False,
2021-08-17,2021-08-17-028,2021-08-17 06:16,2021-08-16 23:16,G,TSTM WND GST,58.0,5 NNW CASA GRANDE,PINAL,AZ,AZC021,Pinal,PSR,AWOS,CORRECTS TIMING OF PREVIOUS TSTM WND GST REPORT FROM 5 NNW CASA GRANDE. AWOS STATION KCGZ CASA GRANDA.,32.95,-111.77,False,True,False,
2021-08-17,2021-08-17-029,2021-08-17 06:16,2021-08-16 23:16,D,TSTM WND DMG,,3 ENE EAST MESA,MARICOPA,AZ,AZC013,Maricopa,PSR,TRAINED SPOTTER,***DELAYED REPORT *** PHOTO SHOWS DOWNED POWER POLE.,33.44,-111.63,False,True,False,
2021-08-17,2021-08-17-030,2021-08-17 06:31,2021-08-16 23:31,G,TSTM WND GST,58.0,5 SSE AVONDALE,MARICOPA,AZ,AZC013,Maricopa,PSR,MESONET,MESONET STATION FW4391 AVONDALE.,33.37,-112.31,False,True,False,
2021-08-17,2021-08-17-031,2021-08-17 06:34,2021-08-16 23:34,G,TSTM WND GST,50.0,3 NW CASA GRANDE,PINAL,AZ,AZC021,Pinal,PSR,PUBLIC,*** DELAYED REPORT*** MESONET STATION SRP DESERT FIELD SUBSTATION.,32.9,-111.79,False,True,False,
2021-08-17,2021-08-17-032,2021-08-17 06:34,2021-08-16 23:34,2,DUST STORM,,2 SE CITRUS PARK,MARICOPA,AZ,AZC013,Maricopa,PSR,DEPT OF HIGHWAYS,VISIBILITY NEAR ZERO ON LOOP 303 SOUTHBOUND NEAR BETHANY HOME ROAD.,33.52,-112.42,False,True,False,
2021-08-17,2021-08-17-033,2021-08-17 06:40,2021-08-16 23:40,D,TSTM WND DMG,,4 SSE GLENDALE,MARICOPA,AZ,AZC013,Maricopa,PSR,PUBLIC,*** DELAYED REPORT *** PHOTO FROM SOCIAL MEDIA POST SHOWS PALM TREE SPLIT IN HALF RESULTING IN DAMAGE TO A PARKED CAR AND WOODEN FENCE. NO INJURIES REPORTED.,33.49,-112.15,True,True,False,2021-08-17-034
2021-08-17,2021-08-17-034,2021-08-17 06:40,2021-08-16 23:40,D,TSTM WND DMG,,4 SSE GLENDALE,MARICOPA,AZ,AZC013,Maricopa,PSR,BROADCAST MEDIA,*** DELAYED REPORT *** PHOTO FROM SOCIAL MEDIA SHOWS DOWNED POWER POLES NEAR 44TH ST. AND INDIAN SCHOOL RD. TIME ESTIMATED FROM VERY CLOSE REPORT OF TREE DAMAGE.,33.49,-112.15,True,True,False,
2021-08-17,2021-08-17-035,2021-08-17 06:45,2021-08-16 23:45,D,TSTM WND DMG,,1 E GOODYEAR,MARICOPA,AZ,AZC013,Maricopa,PSR,NWS EMPLOYEE,**DELAYED REPORT** SEVERAL DOWNED TREES WITHIN NEIGHBORHOODS SURROUNDING ESTRELLA PARKWAY AND YUMA RD. LARGEST TREE WAS 40 FT TALL. RADAR ESTIMATED WINDS WERE 45-55 MPH.,33.44,-112.39,False,True,False,
2021-08-17,2021-08-17-036,2021-08-17 06:56,2021-08-16 23:56,G,TSTM WND GST,58.0,5 NNW CASA GRANDE,PINAL,AZ,AZC021,Pinal,PSR,AWOS,AWOS STATION KCGZ CASA GRANDA.,32.95,-111.77,False,True,False,
2021-08-17,2021-08-17-037,2021-08-17 06:59,2021-08-16 23:59,G,TSTM WND GST,60.0,2 SE MOBILE,MARICOPA,AZ,AZC013,Maricopa,PSR,MESONET,FLOOD CONTROL DISTRICT OF MARICOPA COUNTY AZ ALERT MESONET STATION.,33.04,-112.24,False,True,False,
2021-08-17,2021-08-17-038,2021-08-17 07:11,2021-08-17 00:11,F,FLASH FLOOD,,2 N COOLIDGE,PINAL,AZ,AZC021,Pinal,PSR,DEPT OF HIGHWAYS,ROAD CLOSED DUE TO FLOODING ON STATE ROUTE 87 NORTHBOUND NEAR NORTH ARIZONA BLVD.,33.0,-111.52,False,True,False,
2021-08-17,2021-08-17-039,2021-08-17 08:30,2021-08-17 01:30,F,FLASH FLOOD,,2 W QUEEN CREEK,MARICOPA,AZ,AZC013,Maricopa,PSR,DEPT OF HIGHWAYS,**DELAYED REPORT** SOSSAMAN RD AND VIA DEL JARDIN CLOSED AT THE SONOQUI WASH. TIME ESTIMATED VIA SOCIAL MEDIA POSTS. COUNTY FLOOD CONTROL GAUGE UPSTREAM NEAR HAWES RD INDICATED THE SONOQUI PEAKED AT,33.24,-111.68,False,True,False,
2021-08-17,2021-08-17-040,2021-08-17 12:15,2021-08-17 05:15,F,FLASH FLOOD,,3 S DEER VALLEY,MARICOPA,AZ,AZC013,Maricopa,PSR,BROADCAST MEDIA,WATER HAS FILLED THE UNDERPASS OF I-17 AT GREENWAY RD AGAIN AS TYPICAL. AT LEAST ONE DRIVER STUCK.,33.63,-112.12,True,True,True,
2021-08-17,2021-08-17-041,2021-08-17 13:30,2021-08-17 06:30,F,FLASH FLOOD,,4 NNE GLENDALE,MARICOPA,AZ,AZC013,Maricopa,PSR,MESONET,FCDMC STREAMGAUGE #11307 ACDC @ 43RD AVE. REACHED AND EXCEEDED ALARM STAGE RESULTING IN DOWNSTREAM IMPACTS AT PASEO PARK AT 57TH AVE. TIME ESTIMATED FROM WHEN GAUGE REACHED ALARM STAGE AND TIME TO TR,33.58,-112.15,True,True,True,
2021-08-17,2021-08-17-042,2021-08-17 14:30,2021-08-17 07:30,F,FLASH FLOOD,,7 W PARADISE VALLEY,MARICOPA,AZ,AZC013,Maricopa,PSR,PUBLIC,VIDEO FROM SOCIAL MEDIA POST SHOWS WATER RAPIDLY FLOWING ACROSS 12TH ST. CLOSE TO THE TORRE BLANCA COMMUNITY MAKING 12TH ST. IMPASSIBLE.,33.55,-112.06,True,True,True,
2021-08-17,2021-08-17-043,2021-08-17 15:00,2021-08-17 08:00,F,FLASH FLOOD,,2 W GOODYEAR,MARICOPA,AZ,AZC013,Maricopa,PSR,DEPT OF HIGHWAYS,**DELAYED REPORT** CITY OF GOODYEAR REPORTED CITRUS RD CLOSED BETWEEN I-10 AND VAN BUREN_ AND BETWEEN YUMA AND DURANGO DUE TO FLOODING.,33.44,-112.44,False,True,False,
2021-08-17,2021-08-17-044,2021-08-18 15:30,2021-08-18 08:30,F,FLASH FLOOD,,2 NNE PUNKIN CENTER,GILA,AZ,AZC007,Gila,PSR,PUBLIC,***DELAYED REPORT*** MULTIPLE SOCIAL MEDIA PHOTOS AND VIDEO SHOWED SIGNIFICANT FLOW WITHIN THE TYPICALLY DRY RENO CREEK THROUGHOUT THE DAY_ BEGINNING IN THE MORNING_ LEADING TO THE CLOSURE OF OLD HIG,33.87,-111.31,False,True,False,
2021-08-17,2021-08-17-045,2021-08-18 16:10,2021-08-18 09:10,F,FLASH FLOOD,,8 ESE ROOSEVELT,GILA,AZ,AZC007,Gila,PSR,PUBLIC,***DELAYED REPORT*** MULTIPLE SOCIAL MEDIA PHOTOS AND VIDEOS SHOWED A FEW FEET OF RAPIDLY FLOWING WATER WITHIN CAMPAIGN CREEK_ LEADING TO THE CLOSURE OF MESQUITE ST IN ROOSEVELT ESTATES. ONE VIDEO EV,33.62,-111.0,False,True,False,
2021-08-17,2021-08-17-046,2021-08-18 16:30,2021-08-18 09:30,F,FLASH FLOOD,,10 SSE ROOSEVELT,MARICOPA,AZ,AZC013,Maricopa,PSR,PUBLIC,***DELAYED REPORT*** ROAD INTO REEVIS MOUNTAIN SCHOOL WASHED OUT BY SIGNIFICANT FLASH FLOOD WITHIN THE WOODBURY BURN AREA. 4.5 INCHES OF RAIN MEASURED OVER 3-4 HOUR PERIOD.,33.53,-111.08,False,True,False,
2021-08-17,2021-08-17-047,2021-08-18 16:45,2021-08-18 09:45,F,FLASH FLOOD,,1 SE GLOBE,GILA,AZ,AZC007,Gila,PSR,TRAINED SPOTTER,VIDEO SHOWS PINAL CREEK RUNNING HIGH RESULTING IN SWIFTLY MOVING WATER OVERTAKING BEER TREE CROSSING NEAR JESSE HAYES RD. BEER TREE CROSSING LOOKS IMPASSIBLE DUE TO FLOWING WATER.,33.38,-110.77,False,True,False,
2021-08-17,2021-08-17-048,2021-08-18 17:57,2021-08-18 10:57,F,FLASH FLOOD,,1 ENE CLAYPOOL,GILA,AZ,AZC007,Gila,PSR,DEPT OF HIGHWAYS,AZ-511 TRAFFIC CAMERA SHOWS US-60 IMPASSIBLE NEAR RAGUS RD. DUE TO WATER FROM RUSSELL GULCH.,33.41,-110.83,False,True,False,2021-08-17-049
2021-08-17,2021-08-17-049,2021-08-18 17:57,2021-08-18 10:57,F,FLASH FLOOD,,1 ENE CLAYPOOL,GILA,AZ,AZC007,Gila,PSR,DEPT OF HIGHWAYS,AZ-511 TRAFFIC CAMERA SHOWS US-60 IMPASSIBLE NEAR RAGUS RD. DUE TO WATER FROM THE BLOODY TANKS WASH.,33.41,-110.83,False,True,False,
2021-08-17,2021-08-17-050,2021-08-18 18:00,2021-08-18 11:00,F,FLASH FLOOD,,3 SSE GLOBE,GILA,AZ,AZC007,Gila,PSR,PUBLIC,VIDEO FROM SOCIAL MEDIA POST SHOWED SIX SHOOTER CANYON RUNNING HIGH WITH SWIFTLY MOVING WATER ACROSS SIX SHOOTER RD. NEAR DELORES LN. SIX SHOOTER CANYON RD. IMPASSIBLE CLOSE TO MOUNTAINGATE ESTATES N,33.36,-110.77,False,True,False,
2021-08-17,2021-08-17-051,2021-08-18 18:00,2021-08-18 11:00,F,FLASH FLOOD,,1 ENE CLAYPOOL,GILA,AZ,AZC007,Gila,PSR,EMERGENCY MNGR,MULTIPLE HOMES HAVE BEEN DAMAGED IN RUSSELL GULCH AND THE AREA IS CUT OFF TO ACCESS. THE BRIDGE AT THE MEDICAL CENTER IS IMPASSABLE_ AND US-60 HAS OVERTOPPED WITH FLOOD WATERS.,33.41,-110.83,False,True,False,
2021-08-17,2021-08-17-052,2021-08-18 18:15,2021-08-18 11:15,F,FLASH FLOOD,,9 S GLOBE,GILA,AZ,AZC007,Gila,PSR,DEPT OF HIGHWAYS,*** DELAYED REPORT *** ADOT REPORTS SR-77 AT MP 163.2 OVERTOPPED BY FLOOD WATERS. TIME ESTIMATED FROM REPORT AND NEARBY RAIN GAUGES.,33.27,-110.76,False,True,False,
2021-08-17,2021-08-17-053,2021-08-18 18:45,2021-08-18 11:45,F,FLASH FLOOD,,8 W MIAMI,GILA,AZ,AZC007,Gila,PSR,MESONET,**DELAYED REPORT** RAPID RISE OF OVER 7 FEET IN PINTO CREEK BELOW HAUNTED CANYON. RAINFALL ORIGINATED UPSTREAM OVER THE TELEGRAPH FIRE BURN SCAR. DATA SOURCE IS USGS STREAM GAGE.,33.42,-111.01,False,True,False,
2021-08-17,2021-08-17-054,2021-08-18 19:21,2021-08-18 12:21,F,FLASH FLOOD,,4 N CLAYPOOL,GILA,AZ,AZC007,Gila,PSR,DEPT OF HIGHWAYS,ADOT REPORTS SR-188 CLOSED IN BOTH DIRECTIONS DUE TO FLOODING AT MP 219 NEAR BIXBY RD.,33.47,-110.85,False,True,False,
2021-08-17,2021-08-17-055,2021-08-18 19:47,2021-08-18 12:47,F,FLASH FLOOD,,4 N SUNFLOWER,MARICOPA,AZ,AZC013,Maricopa,PSR,MESONET,FCDMC STREAMGAUGE #81807 SYCAMORE CREEK FIRE REACHED AND EXCEEDED ALARM STAGE CRESTING AT 4.54 FEET. DOWNSTREAM IMPACTS INCLUDE OLD SR-87 AND LOW-LYING HOMES.,33.93,-111.48,False,True,False,
2021-08-17,2021-08-17-056,2021-08-18 20:00,2021-08-18 13:00,H,HAIL,0.5,5 W NORTH SCOTTSDALE,MARICOPA,AZ,AZC013,Maricopa,PSR,TRAINED SPOTTER,VARIOUS SIZES RANGING FROM 0.25 - 0.75 INCHES.,33.62,-111.98,True,True,False,
2021-08-17,2021-08-17-057,2021-08-18 20:00,2021-08-18 13:00,H,HAIL,0.75,5 W NORTH SCOTTSDALE,MARICOPA,AZ,AZC013,Maricopa,PSR,TRAINED SPOTTER,,33.62,-111.98,True,True,False,2021-08-17-056
2021-08-17,2021-08-17-058,2021-08-18 20:00,2021-08-18 13:00,F,FLASH FLOOD,,1 WSW NEW RIVER,MARICOPA,AZ,AZC013,Maricopa,PSR,DEPT OF HIGHWAYS,**DELAYED REPORT** OLD STAGE RD AND PARTS OF NEW RIVER RD CLOSED DUE TO FLASH FLOODING. FLOOD GAGE UPSTREAM REACHED PEAK FLOW AROUND 240 PM AT 2.93 FEET AND 2801 CFS.,33.91,-112.14,False,True,False,
2021-08-17,2021-08-17-059,2021-08-18 20:10,2021-08-18 13:10,H,HAIL,0.25,4 W NORTH SCOTTSDALE,MARICOPA,AZ,AZC013,Maricopa,PSR,PUBLIC,,33.62,-111.96,True,True,False,
2021-08-17,2021-08-17-060,2021-08-18 20:11,2021-08-18 13:11,H,HAIL,0.5,4 WSW NORTH SCOTTSDALE,MARICOPA,AZ,AZC013,Maricopa,PSR,TRAINED SPOTTER,RAINFALL RATE OF 3.71 IN/HR MEASURED WITH THIS HAIL REPORT.,33.61,-111.96,True,True,False,
2021-08-17,2021-08-17-061,2021-08-18 20:15,2021-08-18 13:15,D,TSTM WND DMG,,4 N PARADISE VALLEY,MARICOPA,AZ,AZC013,Maricopa,PSR,PUBLIC,**DELAYED REPORT** REPORTS OF DOWNED TREES BETWEEN 56TH ST AND 70TH ST AROUND SHEA BLVD.,33.58,-111.94,True,True,False,
2021-08-17,2021-08-17-062,2021-08-18 20:15,2021-08-18 13:15,R,HEAVY RAIN,0.7,5 SE DEER VALLEY,MARICOPA,AZ,AZC013,Maricopa,PSR,TRAINED SPOTTER,MEASURED IN 45 MINUTES.,33.62,-112.06,True,True,False,
2021-08-17,2021-08-17-063,2021-08-18 20:16,2021-08-18 13:16,F,FLASH FLOOD,,1 NE SUNFLOWER,MARICOPA,AZ,AZC013,Maricopa,PSR,MESONET,KITTY JOE CAMERA SHOWS WATER FLOWING INCREDIBLY FAST AND IS EXTREMELY CLOSE TO TOPPING ITS BANKS.,33.89,-111.46,False,True,False,
2021-08-17,2021-08-17-064,2021-08-18 20:20,2021-08-18 13:20,D,TSTM WND DMG,,5 NNW PHOENIX,MARICOPA,AZ,AZC013,Maricopa,PSR,BROADCAST MEDIA,**DELAYED REPORT** VERY LARGE TREES BLOWN OVER. TREE DIAMETER 12-18 INCHES AND HEIGHT OVER 30 FT. TIME BASED ON RADAR ESTIMATES W DOWNBURST. EST. ISOLATED WINDS 50-60 MPH_ COMMON 30-40 MPH.,33.52,-112.1,True,True,False,
2021-08-17,2021-08-17-065,2021-08-18 20:23,2021-08-18 13:23,E,FLOOD,,5 W NORTH SCOTTSDALE,MARICOPA,AZ,AZC013,Maricopa,PSR,PUBLIC,STREET/ROAD FLOODING; STREET/ROAD CLOSED; VEHICLES STRANDED.,33.62,-111.98,True,True,True,
2021-08-17,2021-08-17-066,2021-08-18 20:27,2021-08-18 13:27,F,FLASH FLOOD,,5 NNW PARADISE VALLEY,MARICOPA,AZ,AZC013,Maricopa,PSR,PUBLIC,STREET/ROAD FLOODING; STREET/ROAD CLOSED; VEHICLES STRANDED.,33.6,-111.98,True,True,True,
2021-08-17,2021-08-17-067,2021-08-18 20:30,2021-08-18 13:30,F,FLASH FLOOD,,5 NNW PARADISE VALLEY,MARICOPA,AZ,AZC013,Maricopa,PSR,PUBLIC,REPORT FROM MPING: STREET/ROAD FLOODING; STREET/ROAD CLOSED; VEHICLES STRANDED.,33.6,-111.99,True,True,True,
2021-08-17,2021-08-17-068,2021-08-18 20:34,2021-08-18 13:34,F,FLASH FLOOD,,4 NNW PARADISE VALLEY,MARICOPA,AZ,AZC013,Maricopa,PSR,COUNTY OFFICIAL,FCDMC STREAM GAUGE # 59507 EXCEEDED ALARM STAGE_ PEAKING AT 2031 CFS.,33.58,-111.97,True,True,True,
2021-08-17,2021-08-17-069,2021-08-18 20:38,2021-08-18 13:38,D,TSTM WND DMG,,6 ENE GLENDALE,MARICOPA,AZ,AZC013,Maricopa,PSR,BROADCAST MEDIA,ROOF DAMAGE FROM AN APARTMENT COMPLEX LANDED ON A CAR.,33.57,-112.08,True,True,False,
2021-08-17,2021-08-17-070,2021-08-18 20:40,2021-08-18 13:40,D,TSTM WND DMG,,4 NNE GLENDALE,MARICOPA,AZ,AZC013,Maricopa,PSR,TRAINED SPOTTER,**DELAYED REPORT** SPOTTER SHARED PICTURES OF A VERY LARGE UPROOTED TREES. ONE TREE FELL ONTO APARTMENT BUILDING AND THE OTHER ONTO A VEHICLE. DIAMETER OF THE TREES WERE AT LEAST 12-18 INCHES AND OVE,33.58,-112.15,True,True,False,
2021-08-17,2021-08-17-071,2021-08-18 20:43,2021-08-18 13:43,F,FLASH FLOOD,,10 NNE CAREFREE,MARICOPA,AZ,AZC013,Maricopa,PSR,MESONET,FCDMC STREAMGAUGE #21307 CAVE CREEK ASHDALE REACHED AND EXCEED ALERT STAGE CRESTING AT 5.23 FEET. DOWNSTREAM IMPACTS INCLUDE LOW LYING PROPERTIES AND CROSSINGS IN CAVE CREEK.,33.96,-111.88,False,True,False,
2021-08-17,2021-08-17-072,2021-08-18 20:45,2021-08-18 13:45,F,FLASH FLOOD,,8 ENE CAREFREE,MARICOPA,AZ,AZC013,Maricopa,PSR,BROADCAST MEDIA,*** 2 FATAL *** **DELAYED REPORT** PER MULTIPLE MEDIA REPORTS: MCSO FOUND TWO PEOPLE HAD PERISHED INSIDE AN ATV THAT WAS BURIED IN MUD AND DEBRIS DOWNSTREAM IN CAMP CREEK. MCSO WAS NOTIFIED AND BEGAN,33.85,-111.79,False,True,False,
2021-08-17,2021-08-17-073,2021-08-18 20:49,2021-08-18 13:49,F,FLASH FLOOD,,4 SW CAVE CREEK,MARICOPA,AZ,AZC013,Maricopa,PSR,PUBLIC,FLOOD CONTROL DISTRICT OF MARICOPA COUNTY STREAM GAUGE # 19007 AT CAVE CREEK EXCEEDED BANKFULL STAGE OF 7.65 FT. HIT ALARM STAGE AT 2135Z.,33.78,-112.0,False,True,False,
2021-08-17,2021-08-17-074,2021-08-18 20:50,2021-08-18 13:50,H,HAIL,0.5,5 NE GLENDALE,MARICOPA,AZ,AZC013,Maricopa,PSR,PUBLIC,MOSTLY PEA SIZE HAIL BUT WITH A FEW UP TO 0.50 AN INCH.,33.59,-112.13,True,True,False,
2021-08-17,2021-08-17-075,2021-08-18 20:53,2021-08-18 13:53,R,HEAVY RAIN,0.75,4 NE GLENDALE,MARICOPA,AZ,AZC013,Maricopa,PSR,TRAINED SPOTTER,MEASURED IN 26 MINUTES..,33.58,-112.14,True,True,False,
2021-08-17,2021-08-17-076,2021-08-18 21:00,2021-08-18 14:00,F,FLASH FLOOD,,8 ESE ROOSEVELT,GILA,AZ,AZC007,Gila,PSR,PUBLIC,**DELAYED REPORT** VIDEOS SHOWED FAST FLOWING WATER THROUGH WASHES (SPRING CREEK) AND INUNDATING AT LEAST ONE BUILDING SOUTH OF HWY 188.,33.6,-111.01,False,True,False,
2021-08-17,2021-08-17-077,2021-08-18 21:01,2021-08-18 14:01,H,HAIL,0.25,4 SSE DEER VALLEY,MARICOPA,AZ,AZC013,Maricopa,PSR,TRAINED SPOTTER,MINOR FLOODING ON STREET_.,33.61,-112.1,True,True,False,
2021-08-17,2021-08-17-078,2021-08-18 21:03,2021-08-18 14:03,R,HEAVY RAIN,3.11,7 NE CAREFREE,MARICOPA,AZ,AZC013,Maricopa,PSR,PUBLIC,FLOOD CONTROL DISTRICT OF MARICOPA COUNTY RAIN GAUGE AT RACKENSACK CANYON MEASURED 3.11 INCHES OF RAIN IN ONE HOUR_ AND 3.86 INCHES TOTAL.,33.9,-111.84,False,True,False,
2021-08-17,2021-08-17-079,2021-08-18 21:10,2021-08-18 14:10,R,HEAVY RAIN,1.1,3 SE DEER VALLEY,MARICOPA,AZ,AZC013,Maricopa,PSR,TRAINED SPOTTER,MEASURED IN 45 MINUTES.,33.64,-112.08,True,True,False,
2021-08-17,2021-08-17-080,2021-08-18 21:18,2021-08-18 14:18,F,FLASH FLOOD,,10 NNE CAREFREE,MARICOPA,AZ,AZC013,Maricopa,PSR,MESONET,FCDMC STREAMGAUGE #21807 SEVEN SPRINGS WASH REACHED AND EXCEEDED ALARM STAGE AND CRESTED AT 5.06 FEET. DOWNSTREAM IMPACTS INCLUDE LOW WATER CROSSING AT SEVEN SPRINGS RD. NEAR CAMPGROUND.,33.96,-111.84,False,True,False,
2021-08-17,2021-08-17-081,2021-08-18 21:30,2021-08-18 14:30,F,FLASH FLOOD,,11 NNW CLAYPOOL,GILA,AZ,AZC007,Gila,PSR,MESONET,**DELAYED REPORT** RAPID RISE OF CLOSE TO 7 FEET ALONG PINAL CREEK NEAR INSPIRATION DAM. FLOOD WAVE ORIGINATED UPSTREAM FROM HEAVY RAINFALL OVER GLOBE AND THE PINAL MOUNTAINS INCLUDING THE TELEGRAPH,33.56,-110.89,False,True,False,
2021-08-17,2021-08-17-082,2021-08-18 21:44,2021-08-18 14:44,F,FLASH FLOOD,,1 NE CAVE CREEK,MARICOPA,AZ,AZC013,Maricopa,PSR,PUBLIC,SIGNIFICANT FLOW IN GALLOWAY WASH AND ACROSS SPUR CROSS RD.,33.84,-111.95,False,True,False,
2021-08-17,2021-08-17-083,2021-08-18 22:00,2021-08-18 15:00,F,FLASH FLOOD,,4 SE NEW RIVER,MARICOPA,AZ,AZC013,Maricopa,PSR,PUBLIC,SOCIAL MEDIA VIDEO SHOWED FLOWING WATER OVER HONDA BOW RD AT SKUNK CREEK. A SECOND VIDEO SHOWED A VEHICLE STUCK IN THE FLOWING WATER_ INDICATING THE ROAD IS IMPASSABLE.,33.87,-112.08,False,True,False,
2021-08-17,2021-08-17-084,2021-08-18 22:09,2021-08-18 15:09,F,FLASH FLOOD,,3 SSE DEER VALLEY,MARICOPA,AZ,AZC013,Maricopa,PSR,PUBLIC,MEDIA FOOTAGE SHOWS RUSHING WATER OVER 7TH AVE NEAR CORAL GABLES DR AT APPROX 3:30 PM. COUNTY FLOOD CONTROL GAUGE_ LOCATED JUST UP STREAM_ REACHED 1500 CFS AND 3.6 FEET AT 3:09 PM.,33.63,-112.08,True,True,True,
2021-08-17,2021-08-17-085,2021-08-18 22:11,2021-08-18 15:11,F,FLASH FLOOD,,1 WNW MESA,MARICOPA,AZ,AZC013,Maricopa,PSR,UTILITY COMPANY,LARGE TREE FELL ON POWER LINES_ RESULTING IN POWER OUTAGE TO 600 CUSTOMERS.,33.42,-111.85,False,True,False,
2021-08-17,2021-08-17-086,2021-08-18 22:11,2021-08-18 15:11,D,TSTM WND DMG,,1 WNW MESA,MARICOPA,AZ,AZC013,Maricopa,PSR,UTILITY COMPANY,CORRECTS PREVIOUS FLASH FLOOD REPORT FROM 1 WNW MESA. LARGE TREE FELL ON POWER LINES_ RESULTING IN POWER OUTAGE TO 600 CUSTOMERS.,33.42,-111.85,False,True,False,
2021-08-17,2021-08-17-087,2021-08-18 22:25,2021-08-18 15:25,F,FLASH FLOOD,,8 SE PUNKIN CENTER,GILA,AZ,AZC007,Gila,PSR,DEPT OF HIGHWAYS,ADOT REPORTED MUDSLIDE ONTO SR-188_ CLOSING THE HIGHWAY BETWEEN MILE MARKERS 246 TO 255.,33.76,-111.25,False,True,False,
2021-08-17,2021-08-17-088,2021-08-18 22:42,2021-08-18 15:42,F,FLASH FLOOD,,11 ENE CAREFREE,MARICOPA,AZ,AZC013,Maricopa,PSR,COUNTY OFFICIAL,MARICOPA COUNTY FLOOD CONTROL DISTRICT REPORTED BARTLETT LAKE/DAM RD CLOSED DUE TO FLOWING WATER FROM CAMP CREEK.,33.87,-111.75,False,True,False,
2021-08-17,2021-08-17-089,2021-08-18 22:45,2021-08-18 15:45,F,FLASH FLOOD,,9 N SAGUARO LAKE,MARICOPA,AZ,AZC013,Maricopa,PSR,MESONET,***DELAYED REPORT*** USGS GAUGE ON SYCAMORE CREEK (SYCA3) RECORDED A RAPID RISE OF WATER FROM 2.53 FEET AT 3:30 PM TO 9.38 FEET AT 3:45 PM. THE FLOOD WATERS CRESTED AT 11.77 FEET AT 5:30 PM.,33.69,-111.54,False,True,False,
2021-08-17,2021-08-17-090,2021-08-18 22:51,2021-08-18 15:51,F,FLASH FLOOD,,2 SSW CAREFREE,MARICOPA,AZ,AZC013,Maricopa,PSR,PUBLIC,WASH ACROSS CAREFREE HIGHWAY FLOODED OUT.,33.8,-111.93,False,True,False,
2021-08-17,2021-08-17-091,2021-08-18 22:53,2021-08-18 15:53,F,FLASH FLOOD,,1 SSW CAREFREE,MARICOPA,AZ,AZC013,Maricopa,PSR,PUBLIC,TOM DARLINGTON DR. IS FLOODED OUT AND GRAVEL_ DIRT AND LARGE ROCKS ALL OVER THE SOUTHBOUND LANES.,33.81,-111.93,False,True,False,
2021-08-17,2021-08-17-092,2021-08-18 23:00,2021-08-18 16:00,F,FLASH FLOOD,,9 ENE TORTILLA FLAT,MARICOPA,AZ,AZC013,Maricopa,PSR,PUBLIC,**DELAYED REPORT** AZ88_ APACHE TRAIL_ CLOSED BETWEEN NF-79 (230) AND NF-51 (242) DUE TO FLOODING AND MUCH OF THE ROAD BEING WASHED OUT IN MANY PLACES. PER APACHE LAKE MARINA & RESORT_ SOME CUSTOMERS,33.56,-111.24,False,True,False,
2021-08-17,2021-08-17-093,2021-08-18 23:05,2021-08-18 16:05,F,FLASH FLOOD,,5 S DEER VALLEY,MARICOPA,AZ,AZC013,Maricopa,PSR,COUNTY OFFICIAL,FLOOD CONTROL DISTRICT OF MARICOPA COUNTY GAUGE #11807. REACHED ALARM STAGE @ 2305. PEAKED AT 1567 CFS/11.14 FT 2332.,33.6,-112.11,True,True,True,
2021-08-17,2021-08-17-094,2021-08-18 23:30,2021-08-18 16:30,F,FLASH FLOOD,,3 SE DEER VALLEY,MARICOPA,AZ,AZC013,Maricopa,PSR,BROADCAST MEDIA,SIGNIFICANT FLOODING OF WASH IN MOON VALLEY.,33.63,-112.08,True,True,True,
2021-08-17,2021-08-17-095,2021-08-18 23:40,2021-08-18 16:40,F,FLASH FLOOD,,1 E CLAYPOOL,GILA,AZ,AZC007,Gila,PSR,EMERGENCY MNGR,COUNTY EM REPORTED FLOODING ALONG RUSSEL GULCH SIMILAR TO BUT LESS INTENSE AS EARLIER IN THE DAY. HOWEVER_ FLASH FLOODING WAS ENOUGH TO MAKE BRIDGE NEAR MEDICAL CENTER NOT PASSIBLE. OTHER HOMES NEARB,33.41,-110.83,False,True,False,
2021-08-17,2021-08-17-096,2021-08-19 00:00,2021-08-18 17:00,F,FLASH FLOOD,,10 WSW SUNFLOWER,MARICOPA,AZ,AZC013,Maricopa,PSR,PUBLIC,**DELAYED REPORT** ROAD INTO BARTLETT LAKE FLOODED AND IMPASSABLE AT MULTIPLE LOCATIONS. REPORTED SOME PEOPLE HAD TO BE RESCUED OUT OF THE LAKE AREA.,33.84,-111.64,False,True,False,
2021-08-17,2021-08-17-097,2021-08-19 00:10,2021-08-18 17:10,D,TSTM WND DMG,,3 E AVONDALE,MARICOPA,AZ,AZC013,Maricopa,PSR,PUBLIC,MULTIPLE TREES SNAPPED. PICTURES SHARED VIA SOCIAL MEDIA CHANNELS.,33.44,-112.3,False,True,False,
2021-08-17,2021-08-17-098,2021-08-19 01:00,2021-08-18 18:00,D,TSTM WND DMG,,4 E AHWATUKEE FOOTHILLS,MARICOPA,AZ,AZC013,Maricopa,PSR,PUBLIC,**DELAYED REPORT** REPORTS OF MULTIPLE SNAPPED AND DOWNED TREES IN THE AREA. TIMING MATCHED WITH RADAR. EST WIND GUST SPEEDS 50-60 MPH.,33.31,-111.98,False,True,False,
2021-08-17,2021-08-17-099,2021-08-19 04:00,2021-08-18 21:00,F,FLASH FLOOD,,5 NW AK-CHIN VILLAGE,PINAL,AZ,AZC021,Pinal,PSR,DEPT OF HIGHWAYS,**DELAYED REPORT** MULTIPLE PUBLIC SOCIAL MEDIA REPORTS INDICATING FLOWING WATER ON THE HIGHWAY AND NEARBY ROADS. OTHER RURAL ROADS IN THE AREA_ AND UP INTO RAINBOW VALLEY_ WERE ALSO IMPACTED. SR-238,33.08,-112.15,False,False,False,
2022-07-30,2022-07-30-001,2022-07-28 00:30,2022-07-27 17:30,R,HEAVY RAIN,1.34,GLOBE,GILA,AZ,AZC007,Gila,PSR,CO-OP OBSERVER,1.34 INCH OF RAIN IN 40 MINUTES.,33.39,-110.79,False,False,False,
2022-07-30,2022-07-30-002,2022-07-28 00:53,2022-07-27 17:53,R,HEAVY RAIN,1.7,1 E CLAYPOOL,GILA,AZ,AZC007,Gila,PSR,TRAINED SPOTTER,MEASURED 1.7 INCHES OF RAIN IN AN HOUR.,33.41,-110.82,False,False,False,
2022-07-30,2022-07-30-003,2022-07-28 19:15,2022-07-28 12:15,F,FLASH FLOOD,,5 ESE APACHE JUNCTION,PINAL,AZ,AZC021,Pinal,PSR,PUBLIC,CORRECTS PREVIOUS FLASH FLOOD REPORT FROM 5 ESE APACHE JUNCTION. SUPERSTITION_ SUNSET_ AND BOYD RDS. EXPERIENCING FLASH FLOODING.,33.38,-111.47,False,False,False,
2022-07-30,2022-07-30-004,2022-07-28 19:15,2022-07-28 12:15,F,FLASH FLOOD,,5 ESE APACHE JUNCTION,PINAL,AZ,AZC021,Pinal,PSR,PUBLIC,SUPERSTITION AND SUNSET RDS. EXPERIENCING FLASH FLOODING.,33.38,-111.47,False,False,False,2022-07-30-003
2022-07-30,2022-07-30-005,2022-07-28 19:15,2022-07-28 12:15,F,FLASH FLOOD,,4 NE APACHE JUNCTION,PINAL,AZ,AZC021,Pinal,PSR,PUBLIC,SEVERAL LOW-WATER CROSSING AREAS EXPERIENCING FLASH FLOOD CONDITIONS.,33.45,-111.5,False,False,False,
2022-07-30,2022-07-30-006,2022-07-28 19:19,2022-07-28 12:19,G,TSTM WND GST,41.0,3 E APACHE JUNCTION,PINAL,AZ,AZC021,Pinal,PSR,MESONET,MESONET STATION AU195 APACHE JUNCTION.,33.42,-111.49,False,False,False,
2022-07-30,2022-07-30-007,2022-07-28 19:28,2022-07-28 12:28,F,FLASH FLOOD,,1 SW MIAMI,GILA,AZ,AZC007,Gila,PSR,PUBLIC,A VIDEO POSTED ON SOCIAL MEDIA SHOWED STRONG FLOW MOVING ALONG THE BLOODY TANKS WASH_ RESULTING A STREET CROSSING THE WASH NEAR MACKEY CAMP TO BE COMPLETELY IMPASSABLE.,33.39,-110.89,False,False,False,
2022-07-30,2022-07-30-008,2022-07-28 19:30,2022-07-28 12:30,F,FLASH FLOOD,,MIAMI,GILA,AZ,AZC007,Gila,PSR,TRAINED SPOTTER,GIA-2002 REPORTING BLOODY TANKS WASH IN FLASH FLOOD STAGE.,33.4,-110.87,False,False,False,
2022-07-30,2022-07-30-009,2022-07-28 20:00,2022-07-28 13:00,F,FLASH FLOOD,,1 SW SAGUARO LAKE,MARICOPA,AZ,AZC013,Maricopa,PSR,PARK/FOREST SRVC,***DELAYED REPORT*** WATER USERS RECREATION SITE CLOSED DUE TO FLASH FLOODING AND DEBRIS DEPOSITED INTO THE LOWER SALT RIVER_ MAKING THE WATER UNSAFE FOR PUBLIC USE.,33.56,-111.54,False,False,False,
2022-07-30,2022-07-30-010,2022-07-28 20:06,2022-07-28 13:06,F,FLASH FLOOD,,2 ENE APACHE JUNCTION,PINAL,AZ,AZC021,Pinal,PSR,BROADCAST MEDIA,AN SUV WAS SWEPT AWAY IN A WASH AT THE INTERSECTION OF E TEPEE ST. AND N CORTEZ ROAD. THE WOMAN WAS EVENTUALLY RESCUED BUT HER DOG WENT MISSING.,33.43,-111.52,False,False,False,2022-07-30-011
2022-07-30,2022-07-30-011,2022-07-28 20:06,2022-07-28 13:06,F,FLASH FLOOD,,2 ENE APACHE JUNCTION,PINAL,AZ,AZC021,Pinal,PSR,BROADCAST MEDIA,CORRECTS PREVIOUS FLASH FLOOD REPORT FROM 2 ENE APACHE JUNCTION. AN SUV WAS SWEPT AWAY IN A WASH AT THE INTERSECTION OF E TEPEE ST. AND N CORTEZ ROAD. THE WOMAN WAS EVENTUALLY RESCUED BUT HER DOG WEN,33.43,-111.52,False,False,False,
2022-07-30,2022-07-30-012,2022-07-28 20:50,2022-07-28 13:50,F,FLASH FLOOD,,9 W SUNFLOWER,MARICOPA,AZ,AZC013,Maricopa,PSR,PARK/FOREST SRVC,***DELAYED REPORT*** NORTH LAKE RD CLOSED DUE TO FLOODING AND DEBRIS MAKING THE ROAD IMPASSABLE TO VEHICLE TRAFFIC.,33.85,-111.63,False,False,False,
2022-07-30,2022-07-30-013,2022-07-28 21:11,2022-07-28 14:11,F,FLASH FLOOD,,6 SSW CANYON LAKE,MARICOPA,AZ,AZC013,Maricopa,PSR,DEPT OF HIGHWAYS,ADOT REPORTS SR 88 CLOSED DUE TO FLOODING BETWEEN MP 201 AND 205.,33.47,-111.48,False,False,False,
2022-07-30,2022-07-30-014,2022-07-29 04:00,2022-07-28 21:00,F,FLASH FLOOD,,1 NNW QUARTZSITE,LA PAZ,AZ,AZC012,La Paz,PSR,LAW ENFORCEMENT,CORRECTS PREVIOUS FLASH FLOOD REPORT FROM 1 NNW QUARTZSITE. LA PAZ DISPATCH REPORTED THE FOLLOWING FLOODED ROADWAYS: TYSON WELLS RD. AT TYSON WASH_ WASHINGTON AVE. FROM QUAIL TRAIL TO KENOYER AND QUA,33.67,-114.22,False,False,False,
2022-07-30,2022-07-30-015,2022-07-29 04:00,2022-07-28 21:00,F,FLASH FLOOD,,1 NNW QUARTZSITE,LA PAZ,AZ,AZC012,La Paz,PSR,LAW ENFORCEMENT,LA PAZ DISPATCH REPORTED THE FOLLOWING FLOODED ROADWAYS: TYSON WELLS RD. AT TYSON WASH_ WASHINGTON AVE. FROM QUAIL TRAIL TO KENOYER AND QUAIL TRAIL TO PLYMOUTH...AND PLYMOUTH RD. AT MOCKINGBIRD ST.,33.67,-114.22,False,False,False,2022-07-30-014
2022-07-30,2022-07-30-016,2022-07-30 19:00,2022-07-30 12:00,R,HEAVY RAIN,2.06,1 SW CLAYPOOL,GILA,AZ,AZC007,Gila,PSR,TRAINED SPOTTER,FROM 1050AM TO NOON_ 2.06 INCHES OF RAIN FELL NEAR HIGHWAY 60 AND CALLE DE LOMA.,33.4,-110.85,False,False,False,
2022-07-30,2022-07-30-017,2022-07-30 20:35,2022-07-30 13:35,F,FLASH FLOOD,,2 SE FORTUNA FOOTHILLS,YUMA,AZ,AZC027,Yuma,PSR,PUBLIC,FORTUNA WASH RUNNING OVER ROAD. MULTIPLE FEET IN DEPTH.,32.64,-114.39,False,False,False,
2022-07-30,2022-07-30-018,2022-07-30 23:09,2022-07-30 16:09,2,DUST STORM,,5 N ARIZONA CITY,PINAL,AZ,AZC021,Pinal,PSR,PUBLIC,<1/4 MILE VISIBILITY AT THE I-8 AND I-10 JUNCTION DUE TO BLOWING DUST.,32.82,-111.68,False,True,False,
2022-07-30,2022-07-30-019,2022-07-30 23:12,2022-07-30 16:12,2,DUST STORM,,6 NNE ARIZONA CITY,PINAL,AZ,AZC021,Pinal,PSR,TRAINED SPOTTER,VSBY. <0.25 MI.,32.83,-111.63,False,True,False,
2022-07-30,2022-07-30-020,2022-07-30 23:28,2022-07-30 16:28,G,TSTM WND GST,52.0,5 NNW CASA GRANDE,PINAL,AZ,AZC021,Pinal,PSR,AWOS,AWOS STATION KCGZ CASA GRANDA.,32.95,-111.77,False,True,False,
2022-07-30,2022-07-30-021,2022-07-30 23:35,2022-07-30 16:35,G,TSTM WND GST,51.0,1 S CASA GRANDE,PINAL,AZ,AZC021,Pinal,PSR,MESONET,MESONET STATION UR385 0.7 S CASA GRANDE (UPR).,32.87,-111.75,False,True,False,
2022-07-30,2022-07-30-022,2022-07-30 23:35,2022-07-30 16:35,G,TSTM WND GST,44.0,2 N CASA GRANDE,PINAL,AZ,AZC021,Pinal,PSR,MESONET,MESONET STATION FW9639 CASA GRANDE.,32.9,-111.74,False,True,False,
2022-07-30,2022-07-30-023,2022-07-30 23:37,2022-07-30 16:37,2,DUST STORM,,7 SSE SACATON,PINAL,AZ,AZC021,Pinal,PSR,TRAINED SPOTTER,***DELAYED REPORT*** LESS THAN 1/4 MILE VISIBILITY.,32.99,-111.7,False,True,False,
2022-07-30,2022-07-30-024,2022-07-30 23:40,2022-07-30 16:40,D,TSTM WND DMG,,7 WSW CASA GRANDE,PINAL,AZ,AZC021,Pinal,PSR,PUBLIC,***DELAYED REPORT*** PHOTOS OF SIGNIFICANT ROOF DAMAGE TO A COUPLE OF HOMES AND A FLIPPED TRAILER HOME.,32.84,-111.86,False,True,False,
2022-07-30,2022-07-30-025,2022-07-30 23:45,2022-07-30 16:45,2,DUST STORM,,7 S SACATON,PINAL,AZ,AZC021,Pinal,PSR,TRAINED SPOTTER,VSBY. 1/10 MI. I-10 AT VAL VISTA DR._ 12 MI. NORTH OF CASA GRANDE.,32.98,-111.73,False,True,False,
2022-07-30,2022-07-30-026,2022-07-30 23:50,2022-07-30 16:50,D,TSTM WND DMG,,3 NNW CASA GRANDE,PINAL,AZ,AZC021,Pinal,PSR,TRAINED SPOTTER,***DELAYED REPORT*** MULTIPLE TOPPLED OR SNAPPED WOODEN POWER POLES ALONG MCCARTNEY AND RODEO ROADS WEST OF SR-387.,32.92,-111.76,False,True,False,
2022-07-30,2022-07-30-027,2022-07-31 00:00,2022-07-30 17:00,G,TSTM WND GST,52.0,10 SE MARICOPA,PINAL,AZ,AZC021,Pinal,PSR,AWOS,AWOS STATION KA39 AK-CHIN.,32.98,-111.92,False,True,False,
2022-07-30,2022-07-30-028,2022-07-31 00:01,2022-07-30 17:01,G,TSTM WND GST,41.0,12 N TONOPAH,MARICOPA,AZ,AZC013,Maricopa,PSR,MESONET,MESONET STATION BLMA3 BELMONT.,33.67,-112.92,False,True,False,
2022-07-30,2022-07-30-029,2022-07-31 00:02,2022-07-30 17:02,G,TSTM WND GST,42.0,5 SE MARICOPA,PINAL,AZ,AZC021,Pinal,PSR,MESONET,MESONET STATION UP559 4.7 SE MARICOPA (UPR).,33.02,-111.99,False,True,False,
2022-07-30,2022-07-30-030,2022-07-31 00:02,2022-07-30 17:02,D,TSTM WND DMG,,4 E QUEEN CREEK,PINAL,AZ,AZC021,Pinal,PSR,PUBLIC,***DELAYED REPORT*** VIDEO OF A SIGNIFICANT WIND GUST_ ESTIMATED 60-70 MPH_ AND A PHOTO OF A LARGE BRANCH FROM A LARGE HEALTHY TREE THAT SNAPPED OFF AND NARROWLY MISSED A HOME.,33.25,-111.58,False,True,False,
2022-07-30,2022-07-30-031,2022-07-31 00:04,2022-07-30 17:04,G,TSTM WND GST,60.0,8 ESE ROOSEVELT,GILA,AZ,AZC007,Gila,PSR,TRAINED SPOTTER,***DELAYED REPORT*** 55-60 MPH GUST MEASURED WITH A HANDHELD ANEMOMETER. MULTIPLE 10-INCH DIAMETER PALO VERDE TREES KNOCKED OVER.,33.62,-111.0,False,True,False,
2022-07-30,2022-07-30-032,2022-07-31 00:06,2022-07-30 17:06,2,DUST STORM,,1 E MARICOPA,PINAL,AZ,AZC021,Pinal,PSR,TRAINED SPOTTER,<1/10 VSBY DUE TO BLOWING DUST.,33.07,-112.03,False,True,False,
2022-07-30,2022-07-30-033,2022-07-31 00:10,2022-07-30 17:10,G,TSTM WND GST,47.0,4 NNW AK-CHIN VILLAGE,PINAL,AZ,AZC021,Pinal,PSR,MESONET,MESONET STATION UP547 3.9 NW AK-CHIN VILLAGE (UPR).,33.08,-112.12,False,True,False,
2022-07-30,2022-07-30-034,2022-07-31 00:10,2022-07-30 17:10,G,TSTM WND GST,43.0,5 NNE TORTILLA FLAT,MARICOPA,AZ,AZC013,Maricopa,PSR,MESONET,MESONET STATION SRP45 5.3 NE TORTILLA FLAT (SRP).,33.59,-111.34,False,True,False,
2022-07-30,2022-07-30-035,2022-07-31 00:14,2022-07-30 17:14,G,TSTM WND GST,44.0,3 NW SANTAN,PINAL,AZ,AZC021,Pinal,PSR,MESONET,MESONET STATION MEMF 2.9 NW SANTAN (AZ ALERT).,33.17,-111.84,False,True,False,
2022-07-30,2022-07-30-036,2022-07-31 00:16,2022-07-30 17:16,G,TSTM WND GST,48.0,1 SE PHOENIX MESA GATEW,MARICOPA,AZ,AZC013,Maricopa,PSR,AWOS,AWOS STATION KIWA MESA GATEWAY AIRPORT.,33.3,-111.65,False,True,False,
2022-07-30,2022-07-30-037,2022-07-31 00:28,2022-07-30 17:28,G,TSTM WND GST,54.0,1 S TEMPE,MARICOPA,AZ,AZC013,Maricopa,PSR,TRAINED SPOTTER,CENTRAL TEMPE.,33.38,-111.93,True,True,False,
2022-07-30,2022-07-30-038,2022-07-31 00:30,2022-07-30 17:30,F,FLASH FLOOD,,8 ESE ROOSEVELT,GILA,AZ,AZC007,Gila,PSR,TRAINED SPOTTER,***DELAYED REPORT*** SPRING CREEK RUNNING ROUGHLY 9 FT IN DEPTH.,33.6,-111.01,False,True,False,
2022-07-30,2022-07-30-039,2022-07-31 00:30,2022-07-30 17:30,F,FLASH FLOOD,,10 ESE ROOSEVELT,GILA,AZ,AZC007,Gila,PSR,PARK/FOREST SRVC,***DELAYED REPORT*** FS ROAD 396 CLOSED BETWEEN STAGECOACH TRAIL AND EADS WASH DAY USE SITE AND RIVER ACCESS POINT DUE TO UNSAFE ROAD CONDITIONS FROM FLASH FLOODING.,33.62,-110.97,False,True,False,
2022-07-30,2022-07-30-040,2022-07-31 00:42,2022-07-30 17:42,F,FLASH FLOOD,,3 W MARICOPA,PINAL,AZ,AZC021,Pinal,PSR,DEPT OF HIGHWAYS,***DELAYED REPORT***ROAD CLOSED DUE TO FLOODING ON SR-238 WESTBOUND NEAR N WHITE RD (MP 41).,33.08,-112.1,False,True,False,
2022-07-30,2022-07-30-041,2022-07-31 00:47,2022-07-30 17:47,G,TSTM WND GST,56.0,2 NE PUNKIN CENTER,GILA,AZ,AZC007,Gila,PSR,MESONET,MESONET STATION TTBA3 TONTO BASIN.,33.87,-111.31,False,True,False,
2022-07-30,2022-07-30-042,2022-07-31 00:51,2022-07-30 17:51,G,TSTM WND GST,52.0,SKY HARBOR AIRPORT,MARICOPA,AZ,AZC013,Maricopa,PSR,ASOS,ASOS STATION KPHX PHOENIX SKY HRBR.,33.43,-112.02,True,True,False,
2022-07-30,2022-07-30-043,2022-07-31 00:54,2022-07-30 17:54,G,TSTM WND GST,40.0,4 NNW EAST MESA,MARICOPA,AZ,AZC013,Maricopa,PSR,AWOS,AWOS STATION KFFZ MESA FALCON FLD.,33.47,-111.72,False,True,False,
2022-07-30,2022-07-30-044,2022-07-31 00:56,2022-07-30 17:56,F,FLASH FLOOD,,12 ESE ROOSEVELT,GILA,AZ,AZC007,Gila,PSR,DEPT OF HIGHWAYS,***DELAYED REPORT*** ADOT REPORT OF FLOODING IN THE SOUTHBOUND LANE OF STATE ROUTE 188 NEAR MP 230.,33.58,-110.96,False,True,False,
2022-07-30,2022-07-30-045,2022-07-31 01:01,2022-07-30 18:01,G,TSTM WND GST,57.0,3 W PARADISE VALLEY,MARICOPA,AZ,AZC013,Maricopa,PSR,MESONET,MESONET STATION FW6363 PARADISE VALLEY.,33.54,-111.99,True,True,False,
2022-07-30,2022-07-30-046,2022-07-31 01:02,2022-07-30 18:02,D,TSTM WND DMG,,3 NNW PHOENIX,MARICOPA,AZ,AZC013,Maricopa,PSR,PUBLIC,***DELAYED REPORT*** PHOTO OF A LARGE TREE BRANCH THAT FELL ONTO THREE PARKED VEHICLES.,33.49,-112.09,True,True,False,
2022-07-30,2022-07-30-047,2022-07-31 01:03,2022-07-30 18:03,D,TSTM WND DMG,,4 N PHOENIX,MARICOPA,AZ,AZC013,Maricopa,PSR,PUBLIC,***DELAYED REPORT*** REPORT OF 7 TO 8 TOPPLED POWER POLES ALONG THE GRAND CANAL_ WITH MANY FALLING TOWARD HOMES AND CRASHING THROUGH STONE WALLS. A STONE WALL WAS ALSO BLOWN OVER AND A METAL SHED WAS,33.5,-112.08,True,True,False,
2022-07-30,2022-07-30-048,2022-07-31 01:09,2022-07-30 18:09,D,TSTM WND DMG,,3 ESE GLENDALE,MARICOPA,AZ,AZC013,Maricopa,PSR,UTILITY COMPANY,***DELAYED REPORT*** REPORT OF DOWNED POWER LINES.,33.53,-112.14,True,True,False,
2022-07-30,2022-07-30-049,2022-07-31 01:17,2022-07-30 18:17,D,TSTM WND DMG,,4 ESE DEER VALLEY,MARICOPA,AZ,AZC013,Maricopa,PSR,PUBLIC,***DELAYED REPORT*** PHOTO OF A LARGE TREE THAT FELL ONTO AND DESTROYED A METAL CARPORT_ WITH A PARKED SUV UNDERNEATH.,33.64,-112.05,True,True,False,
2022-07-30,2022-07-30-050,2022-07-31 01:18,2022-07-30 18:18,D,TSTM WND DMG,,5 ESE DEER VALLEY,MARICOPA,AZ,AZC013,Maricopa,PSR,BROADCAST MEDIA,MEDIA LIVE BROADCAST SHOWED A SNAPPED POWER POLE.,33.63,-112.03,True,True,False,
2022-07-30,2022-07-30-051,2022-07-31 01:20,2022-07-30 18:20,D,TSTM WND DMG,,5 E DEER VALLEY,MARICOPA,AZ,AZC013,Maricopa,PSR,PUBLIC,PHOTO OF A METAL CARPORT ROOF BLOWN ONTO A COUPLE PARKED CARS.,33.66,-112.03,True,True,False,
2022-07-30,2022-07-30-052,2022-07-31 01:29,2022-07-30 18:29,F,FLASH FLOOD,,5 W PARADISE VALLEY,MARICOPA,AZ,AZC013,Maricopa,PSR,PUBLIC,STREET/ROAD FLOODING; STREET/ROAD CLOSED; VEHICLES STRANDED.,33.52,-112.03,True,True,True,
2022-07-30,2022-07-30-053,2022-07-31 01:30,2022-07-30 18:30,D,TSTM WND DMG,,4 SE DEER VALLEY,MARICOPA,AZ,AZC013,Maricopa,PSR,PUBLIC,GAS STATION CANOPY KNOCKED OVER BY 60 MPH WINDS.,33.63,-112.07,True,True,False,
2022-07-30,2022-07-30-054,2022-07-31 01:37,2022-07-30 18:37,R,HEAVY RAIN,1.38,5 SSE DEER VALLEY,MARICOPA,AZ,AZC013,Maricopa,PSR,PUBLIC,MEASURED IN 30 MINUTES.,33.61,-112.07,True,True,False,2022-07-30-055
2022-07-30,2022-07-30-055,2022-07-31 01:37,2022-07-30 18:37,R,HEAVY RAIN,1.38,5 SSE DEER VALLEY,MARICOPA,AZ,AZC013,Maricopa,PSR,MESONET,PEAK RAINFALL RATE OF 0.91 INCHES OVER 15 MINUTES.,33.61,-112.07,True,True,False,
2022-07-30,2022-07-30-056,2022-07-31 01:37,2022-07-30 18:37,G,TSTM WND GST,64.0,3 ENE DEER VALLEY,MARICOPA,AZ,AZC013,Maricopa,PSR,ASOS,ASOS STATION KDVT PHOENIX DEER VLY.,33.68,-112.07,False,True,False,
2022-07-30,2022-07-30-057,2022-07-31 01:40,2022-07-30 18:40,D,TSTM WND DMG,,4 WSW CAVE CREEK,MARICOPA,AZ,AZC013,Maricopa,PSR,PUBLIC,***DELAYED REPORT*** MULTIPLE LARGE TREE LIMBS DOWN ALONG CAREFREE HIGHWAY BETWEEN CAVE CREEK AND NEW RIVER ROADS WITH SOME LIMBS IMPEDING TRAFFIC.,33.8,-112.04,False,True,False,
2022-07-30,2022-07-30-058,2022-07-31 01:41,2022-07-30 18:41,F,FLASH FLOOD,,5 SE DEER VALLEY,MARICOPA,AZ,AZC013,Maricopa,PSR,PUBLIC,WASH RUNNING 8 INCHES THROUGH BACKYARD INTO ROADWAY.,33.63,-112.05,True,True,True,
2022-07-30,2022-07-30-059,2022-07-31 01:45,2022-07-30 18:45,G,TSTM WND GST,58.0,5 NE DEER VALLEY,MARICOPA,AZ,AZC013,Maricopa,PSR,PARK/FOREST SRVC,CWOP_ CAVE BUTTES RECREATION AREA.,33.72,-112.05,False,True,False,
2022-07-30,2022-07-30-060,2022-07-31 01:50,2022-07-30 18:50,F,FLASH FLOOD,,3 SE DEER VALLEY,MARICOPA,AZ,AZC013,Maricopa,PSR,BROADCAST MEDIA,***DELAYED REPORT*** UP TO 3 FEET OF WATER AND MUD ENTERED SOME FIRST FLOOR APARTMENTS AFTER A DRAINAGE SYSTEM WAS OVERCOME. SOME PARKED CARS WERE ALSO DAMAGED.,33.64,-112.07,True,True,True,
2022-07-30,2022-07-30-061,2022-07-31 01:50,2022-07-30 18:50,D,TSTM WND DMG,,6 N DEER VALLEY,MARICOPA,AZ,AZC013,Maricopa,PSR,TRAINED SPOTTER,UPROOTED 16 INCH DIAMETER TREE FELL INTO AND BLOCKED A RESIDENTIAL ROAD.,33.75,-112.13,False,True,False,
2022-07-30,2022-07-30-062,2022-07-31 02:00,2022-07-30 19:00,F,FLASH FLOOD,,3 S DEER VALLEY,MARICOPA,AZ,AZC013,Maricopa,PSR,PUBLIC,***DELAYED REPORT*** VIDEO OF SIX CARS STALLED IN COLLECTED FLOODWATER AT THE I-17 AND GREENWAY RD UNDERPASS.,33.63,-112.12,True,True,True,
2022-07-30,2022-07-30-063,2022-07-31 02:00,2022-07-30 19:00,R,HEAVY RAIN,2.09,5 ESE DEER VALLEY,MARICOPA,AZ,AZC013,Maricopa,PSR,MESONET,2 INCHES OF RAIN MEASURED IN 30 MINUTES.,33.65,-112.04,True,True,False,
2022-07-30,2022-07-30-064,2022-07-31 02:00,2022-07-30 19:00,F,FLASH FLOOD,,4 E DEER VALLEY,MARICOPA,AZ,AZC013,Maricopa,PSR,PUBLIC,***DELAYED REPORT*** VIDEO OF 6-8 INCHES OF WATER FLOWING SOUTH DOWN 16TH STREET NEXT TO BUFFALO RIDGE PARK.,33.66,-112.05,True,True,True,
2022-07-30,2022-07-30-065,2022-07-31 02:05,2022-07-30 19:05,R,HEAVY RAIN,1.62,2 SSE CAVE CREEK,MARICOPA,AZ,AZC013,Maricopa,PSR,TRAINED SPOTTER,MEASURED IN 45 MINUTES.,33.8,-111.95,False,True,False,
2022-07-30,2022-07-30-066,2022-07-31 02:10,2022-07-30 19:10,F,FLASH FLOOD,,4 NNW NORTH SCOTTSDALE,MARICOPA,AZ,AZC013,Maricopa,PSR,PUBLIC,***DELAYED REPORT*** PHOTOS OF FLOODWATERS MOVING ACROSS SCOTTSDALE RD AND POLICE TURNING CARS AROUND.,33.68,-111.93,False,True,False,
2022-07-30,2022-07-30-067,2022-07-31 02:34,2022-07-30 19:34,F,FLASH FLOOD,,CAVE CREEK,MARICOPA,AZ,AZC013,Maricopa,PSR,MESONET,CAVE CREEK STREAM GAUGE REPORTED 13881 CFS AT 19:34 FROM 0 CFS AT 18:51. DEPTH OF 11.06 FT.,33.83,-111.97,False,True,False,
2022-07-30,2022-07-30-068,2022-07-31 02:50,2022-07-30 19:50,F,FLASH FLOOD,,6 W CAVE CREEK,MARICOPA,AZ,AZC013,Maricopa,PSR,PUBLIC,***DELAYED REPORT*** PHOTO OF A STALLED SUV IN FLOODWATERS AT A LOW WATER CROSSING ALONG CLOUD RD.,33.81,-112.06,False,True,False,
2022-07-30,2022-07-30-069,2022-07-31 03:19,2022-07-30 20:19,F,FLASH FLOOD,,6 SSE NEW RIVER,MARICOPA,AZ,AZC013,Maricopa,PSR,LAW ENFORCEMENT,***DELAYED REPORT*** 19TH AVE CLOSED DUE TO ELEVATED FLOW IN SKUNK CREEK. A NEARBY STREAMFLOW GAUGE ON SKUNK CREEK MEASURED A PEAK FLOW OF 624 CFS AND HEIGHT OF 2.71 FEET.,33.84,-112.1,False,True,False,
2022-07-30,2022-07-30-070,2022-07-31 03:50,2022-07-30 20:50,F,FLASH FLOOD,,3 SSE DEER VALLEY,MARICOPA,AZ,AZC013,Maricopa,PSR,LAW ENFORCEMENT,SWIFT WATER RESCUE AFTER AN SUV STALLED IN FLOODWATERS ACROSS 7TH AVE.,33.63,-112.08,True,True,True,
2022-07-30,2022-07-30-071,2022-07-31 04:35,2022-07-30 21:35,F,FLASH FLOOD,,3 SE DEER VALLEY,MARICOPA,AZ,AZC013,Maricopa,PSR,BROADCAST MEDIA,***DELAYED REPORT*** PEOPLE STRANDED ON CARS DURING A FLOOD.,33.63,-112.08,True,True,True,
2022-07-30,2022-07-30-072,2022-07-31 21:36,2022-07-31 14:36,2,DUST STORM,,2 W CASA GRANDE,PINAL,AZ,AZC021,Pinal,PSR,TRAINED SPOTTER,VSBY <1/4 MILE DUE TO BLOWING DUST.,32.88,-111.77,False,False,False,
2022-07-30,2022-07-30-073,2022-07-31 22:09,2022-07-31 15:09,G,TSTM WND GST,40.0,6 NE BUCKEYE,MARICOPA,AZ,AZC013,Maricopa,PSR,PUBLIC,VSBY 3/4 DUE TO BLOWING DUST.,33.43,-112.52,False,False,False,
2022-07-30,2022-07-30-074,2022-07-31 22:30,2022-07-31 15:30,2,DUST STORM,,7 SSE WENDEN,LA PAZ,AZ,AZC012,La Paz,PSR,PUBLIC,***DELAYED REPORT*** VSBY <1/4 DUE TO BLOWING DUST.,33.73,-113.51,False,False,False,
2022-07-30,2022-07-30-075,2022-07-31 22:42,2022-07-31 15:42,F,FLASH FLOOD,,9 S PALO VERDE NGS,MARICOPA,AZ,AZC013,Maricopa,PSR,MESONET,CRUFF WASH STREAMFLOW GAUGE REACHED BANK FULL WITH PEAK FLOW OF 1000 CFS AND A RAPID 3.75 FOOT RISE. A LOW WATER CROSSING ALONG AGUA CALIENTE RD WAS LIKELY IMPACTED.,33.25,-112.88,False,False,False,
2022-08-04,2022-08-04-001,2022-08-04 12:04,2022-08-04 05:04,F,FLASH FLOOD,,3 S DEER VALLEY,MARICOPA,AZ,AZC013,Maricopa,PSR,DEPT OF HIGHWAYS,***DELAYED REPORT*** ADOT CAMERAS SHOW UNDERPASSES FLOODED ALONG I-17 AT GREENWAY AND THUNDERBIRD ROADS.,33.63,-112.12,True,True,True,
2022-08-04,2022-08-04-002,2022-08-04 12:10,2022-08-04 05:10,R,HEAVY RAIN,1.0,2 NNE PEORIA,MARICOPA,AZ,AZC013,Maricopa,PSR,EMERGENCY MNGR,***DELAYED REPORT*** HEAVY RAIN CAUSED A PORTION OF THE ROOF TO COLLAPSE AT BASHAS NEAR 75TH AVE AND THUNDERBIRD RD. NO INJURIES WERE REPORTED. TIMING ESTIMATED FROM RADAR.,33.61,-112.22,False,True,False,
2022-08-04,2022-08-04-003,2022-08-04 12:15,2022-08-04 05:15,F,FLASH FLOOD,,7 W PARADISE VALLEY,MARICOPA,AZ,AZC013,Maricopa,PSR,PUBLIC,***DELAYED REPORT*** MULTIPLE VIDEOS AND PICTURES ON SOCIAL MEDIA SHOWED A WASH FLOWING ACROSS UNBRIDGED CROSSINGS NEAR 12TH ST AND KALER DR AS WELL AS 14TH ST AND DESERT PARK LN.,33.55,-112.06,True,True,True,
2022-08-04,2022-08-04-004,2022-08-04 12:30,2022-08-04 05:30,F,FLASH FLOOD,,4 NW PHOENIX,MARICOPA,AZ,AZC013,Maricopa,PSR,PUBLIC,***DELAYED REPORT*** I-17 SB UNDER ABOUT A FOOT OF WATER. LAW ENFORCEMENT HAD TO PUSH STALLED VEHICLES OUT.,33.5,-112.11,True,True,True,
2022-08-04,2022-08-04-005,2022-08-04 13:00,2022-08-04 06:00,F,FLASH FLOOD,,3 SSE DEER VALLEY,MARICOPA,AZ,AZC013,Maricopa,PSR,COUNTY OFFICIAL,***DELAYED REPORT*** FCDMC STREAMFLOW GAGE #8507 ROSE ABOVE ALARM STAGE_ IMPACTING DOWNSTREAM LOW WATER CROSSINGS. THE GAGE PEAKED AT 2.15 FT AND 473 CFS.,33.63,-112.08,True,True,True,
2022-08-04,2022-08-04-006,2022-08-04 14:50,2022-08-04 07:50,F,FLASH FLOOD,,2 SE BOUSE,LA PAZ,AZ,AZC012,La Paz,PSR,DEPT OF HIGHWAYS,***DELAYED REPORT*** ADOT REPORTED SR 72 AT MILEPOST 30 NEAR BOUSE WAS CLOSED DUE TO FLOODING. TIMING WAS ESTIMATED FROM RADAR.,33.9,-113.98,False,False,False,
2022-08-04,2022-08-04-007,2022-08-05 22:50,2022-08-05 15:50,R,HEAVY RAIN,0.65,10 ENE JTNP-LOST HORSE,SAN BERNARDINO,CA,CAC071,San Bernardino,PSR,PARK/FOREST SRVC,FLOW OF ABOUT 2 INCHES DEEP RAN ACROSS PARK BOULEVARD ONE HALF MILE SOUTH OF THE NORTH ENTRANCE TO JOSHUA TREE NATIONAL PARK.,34.07,-116.03,False,False,False,
